file_id,language,wer,cer,boundary_corruption_rate,policy_term_recall,real_time_factor
rec_audio_call_392603926_audio_1785858184285.mp3,hindi,0.509090909090909,0.28421052631578947,0.48484848484848486,1.0,0.03775104605511466
rec_audio_call_392607690_audio_1785858500937.mp3,hindi,0.40441176470588236,0.20717131474103587,0.75,1.0,0.0414753379450437
rec_audio_call_392643395_audio_1785861202288.mp3,hindi,0.5993640699523053,0.3844282238442822,0.6529850746268657,0.5,0.029743207195796283
rec_audio_call_425736604_audio_1788905083156.mp3,hindi,0.631578947368421,0.35251798561151076,0.7777777777777778,1.0,0.024518577097304196
rec_audio_call_425748748_audio_1788908276475.mp3,hindi,0.6134453781512605,0.4365256124721604,0.8055555555555556,0.0,0.025019901156794092
rec_audio_call_425749256_audio_1788908432017.mp3,hindi,0.7209302325581395,0.5034965034965035,0.8888888888888888,0.0,0.025641666933522704
rec_default_426610557_audio_1788986010552.mp3,hindi,3.8,1.75,0.8333333333333334,,0.03581453370414993
rec_audio_call_425655492_audio_1788895962923.mp3,hindi,0.784037558685446,0.5874125874125874,0.6987951807228916,0.16666666666666666,0.027115557342299187
rec_audio_call_425656293_audio_1788896013602.mp3,hindi,0.7701149425287356,0.5111821086261981,0.7941176470588235,0.3333333333333333,0.02636488791032634
rec_audio_call_425679391_audio_1788897730000.mp3,hindi,0.8384615384615385,0.5190839694656488,0.7619047619047619,0.6666666666666666,0.027827199844795175
rec_audio_call_425691838_audio_1788898819143.mp3,hindi,0.5652173913043478,0.304029304029304,0.44,0.6666666666666666,0.027324450265560084
rec_default_426593829_audio_1788984553610.mp3,hindi,0.45368171021377673,0.25933609958506226,0.6195652173913043,0.6666666666666666,0.031205353097053058
rec_audio_call_419965552_audio_1788369990564.mp3,hindi,0.7424242424242424,0.4393305439330544,0.7666666666666667,,0.029620492205495026
rec_audio_call_421071310_audio_1788465787061.mp3,hindi,0.5669099756690997,0.38929440389294406,0.766497461928934,0.0,0.031783196459881334
rec_audio_call_421768524_audio_1788539479106.mp3,hindi,1.0,0.7049180327868853,0.8461538461538461,,0.05520007088398467
rec_audio_call_421835569_audio_1788543699379.mp3,hindi,0.6792452830188679,0.42346938775510207,0.7674418604651163,,0.04575463335413156
rec_audio_call_421997101_audio_1788553909604.mp3,hindi,0.6179245283018868,0.401665598975016,0.6885964912280702,0.5,0.04683203884082145
rec_audio_call_423610988_audio_1788712982461.mp3,hindi,0.9354838709677419,0.7647058823529411,0.8,0.0,0.030013700782617454
rec_audio_call_425656431_audio_1788896027178.mp3,hindi,0.5470085470085471,0.38419618528610355,0.8214285714285714,1.0,0.0357619702551301
rec_default_420147298_audio_1788380486702.mp3,hindi,0.37257019438444927,0.22600720602685884,0.6756756756756757,0.0,0.03096633667349854
rec_default_420599099_audio_1788430532077.mp3,hindi,0.37259100642398285,0.21964956195244056,0.7547169811320755,,0.030586583035341616
rec_default_421888258_audio_1788546625741.mp3,hindi,2.357142857142857,1.2615384615384615,0.3333333333333333,0.0,0.029694915998100053
rec_default_423958539_audio_1788751477018.mp3,hindi,0.7005347593582888,0.5098684210526315,0.6071428571428571,1.0,0.034427960526819394
rec_audio_call_421981200_audio_1788552638354.mp3,hindi,0.5208333333333334,0.2737430167597765,0.574468085106383,1.0,0.0408394376951437
rec_audio_call_422812035_audio_1788633064712.mp3,hindi,0.7378640776699029,0.481994459833795,0.5714285714285714,0.0,0.03652131285980505
rec_audio_call_423872491_audio_1788731676125.mp3,hindi,0.6075949367088608,0.3031496062992126,0.76,0.0,0.029160332746691713
rec_audio_call_424735559_audio_1788811052808.mp3,hindi,0.6363636363636364,0.46875,0.5294117647058824,,0.028137158864466143
rec_audio_call_425051281_audio_1788851621695.mp3,hindi,0.8962818003913894,0.5868665977249224,0.6451612903225806,0.25,0.04448094154064687
rec_default_422797054_audio_1788632206019.mp3,hindi,0.4603174603174603,0.27793427230046946,0.6238532110091743,0.5,0.03907787540572851
rec_audio_call_421865395_audio_1788545383247.mp3,hindi,0.6170212765957447,0.3891891891891892,0.4,,0.03204093647146426
rec_audio_call_425933838_audio_1788934868635.mp3,hindi,0.6458333333333334,0.48495270851246775,0.5932203389830508,0.6666666666666666,0.038036343063582057
rec_audio_call_426596251_audio_1788984756063.mp3,hindi,0.3283582089552239,0.2882882882882883,0.6111111111111112,1.0,0.032898971377662165
rec_audio_call_426599617_audio_1788985040466.mp3,hindi,0.40336134453781514,0.21378504672897197,0.7142857142857143,0.5,0.03739104950515642
rec_default_423978016_audio_1788753648923.mp3,hindi,0.6715328467153284,0.501002004008016,0.7903225806451613,0.5,0.03833948044454009
rec_default_425396309_audio_1788879180076.mp3,hindi,0.8522727272727273,0.5761589403973509,0.6923076923076923,1.0,0.036949306789266986
rec_default_425778316_audio_1788916552817.mp3,hindi,0.6,0.4349775784753363,0.5185185185185185,0.25,0.03529002104279216
rec_audio_call_424867062_audio_1788834834877.mp3,hindi,0.5082872928176796,0.32794117647058824,0.6538461538461539,1.0,0.03732851908961493
rec_audio_call_425730841_audio_1788903925979.mp3,hindi,0.5789473684210527,0.2777777777777778,0.5454545454545454,1.0,0.03272290228391534
rec_audio_call_425744236_audio_1788906883727.mp3,hindi,0.5490566037735849,0.3282399547255235,0.7670682730923695,0.875,0.04086079040280277
rec_audio_call_426409268_audio_1788973959169.mp3,hindi,0.825,0.5618811881188119,0.7222222222222222,0.0,0.055324891512232126
rec_default_424880310_audio_1788836667926.mp3,hindi,0.7429467084639498,0.4986149584487535,0.8416289592760181,0.375,0.0395757094334645
rec_default_425134890_audio_1788857770816.mp3,hindi,0.4742014742014742,0.28846153846153844,0.5967741935483871,0.75,0.04039822933338574
rec_default_425141339_audio_1788858189163.mp3,hindi,0.5761124121779859,0.3747338537970192,0.6703296703296703,0.3333333333333333,0.040282114365634315
rec_audio_call_424610503_audio_1788803501320.mp3,hindi,0.4722222222222222,0.3357664233576642,0.72,0.6666666666666666,0.05833543080403484
rec_audio_call_424798751_audio_1788818609448.mp3,hindi,0.5317460317460317,0.34953703703703703,0.7540983606557377,0.5,0.04439931950721575
rec_audio_call_425147890_audio_1788858642964.mp3,hindi,0.6329113924050633,0.4230769230769231,0.5357142857142857,0.5,0.06481588024658315
rec_audio_call_425713085_audio_1788901236624.mp3,hindi,0.5357142857142857,0.38860103626943004,0.42857142857142855,0.3333333333333333,0.03458096729517628
rec_audio_call_419508797_audio_1788334367395.mp3,hindi,0.7142857142857143,0.3977272727272727,0.7058823529411765,,0.03798123840642531
rec_audio_call_421677953_audio_1788530753328.mp3,hindi,0.5277777777777778,0.3178294573643411,0.5714285714285714,1.0,0.038953342806264474
rec_audio_call_423351802_audio_1788689747483.mp3,hindi,0.5060240963855421,0.35384615384615387,0.6944444444444444,,0.03910653531646149
rec_audio_call_423591955_audio_1788711572217.mp3,hindi,0.5585585585585585,0.3426395939086294,0.7307692307692307,,0.04751117571457674
rec_audio_call_423629370_audio_1788714233340.mp3,hindi,0.4314090626939789,0.28627597828122076,0.6961722488038278,1.0,0.04723908645046448
rec_audio_call_426565546_audio_1788982388939.mp3,hindi,2.3333333333333335,0.6923076923076923,0.75,,0.04565987178955532
rec_default_419887388_audio_1788364981482.mp3,hindi,0.4194373401534527,0.2776957163958641,0.6476190476190476,,0.04864053807107776
rec_default_421661435_audio_1788529081993.mp3,hindi,0.6708860759493671,0.4406779661016949,0.7435897435897436,1.0,0.044256358015295816
rec_default_421956667_audio_1788550846403.mp3,hindi,0.639344262295082,0.36752136752136755,0.6896551724137931,,0.043635576810833035
rec_default_423887482_audio_1788735128862.mp3,hindi,0.68,0.48704663212435234,0.8273381294964028,0.3333333333333333,0.04491861035613697
rec_default_424793843_audio_1788817690775.mp3,hindi,0.6991869918699187,0.4458128078817734,0.7846153846153846,0.0,0.03524544925566869
rec_default_425627452_audio_1788894258639.mp3,hindi,0.9166666666666666,0.6111111111111112,0.5294117647058824,,0.03315748955472236
rec_audio_call_426099993_audio_1788947488901.mp3,hindi,0.4417989417989418,0.23338485316846985,0.6388888888888888,,0.03689644300912562
rec_audio_call_426101059_audio_1788947560284.mp3,hindi,0.4161490683229814,0.25771604938271603,0.7596153846153846,,0.03940755583353398
rec_audio_call_426107984_audio_1788948053829.mp3,hindi,0.5882352941176471,0.37735849056603776,0.7391304347826086,,0.03792158382751898
rec_audio_call_426107995_audio_1788948050780.mp3,hindi,0.7,0.2692307692307692,0.8076923076923077,,0.051571850688344335
rec_audio_call_426108129_audio_1788948057694.mp3,hindi,0.4473684210526316,0.2916666666666667,0.7142857142857143,,0.05452236910919758
rec_audio_call_426119888_audio_1788948897495.mp3,hindi,1.5,0.375,0.8,,0.034804808363428426
rec_audio_call_426127774_audio_1788949477698.mp3,hindi,0.5,0.3362131029517639,0.65,0.0,0.06150836175119046
rec_audio_call_426194933_audio_1788954682604.mp3,hindi,0.3993174061433447,0.2562189054726368,0.7327586206896551,1.0,0.04110511313274436
rec_audio_call_426195125_audio_1788954700286.mp3,hindi,0.4407158836689038,0.2878684030157642,0.7126436781609196,,0.049354332116808466
rec_audio_call_426201717_audio_1788955277234.mp3,hindi,0.7115384615384616,0.45180722891566266,0.5454545454545454,,0.038784374351618765
rec_audio_call_426201848_audio_1788955284435.mp3,hindi,0.6534090909090909,0.40390879478827363,0.6551724137931034,0.0,0.0356936853482587
rec_audio_call_426202468_audio_1788955343920.mp3,hindi,0.546875,0.28837209302325584,0.7333333333333333,,0.049273226020993016
rec_audio_call_426202822_audio_1788955375114.mp3,hindi,0.54375,0.2982758620689655,0.527027027027027,,0.03567069752095756
rec_audio_call_426202958_audio_1788955393853.mp3,hindi,0.6979166666666666,0.5203761755485894,0.8103448275862069,,0.03645365185587007
rec_audio_call_426203219_audio_1788955405537.mp3,hindi,0.43137254901960786,0.26744186046511625,0.47619047619047616,,0.03415922222508244
rec_audio_call_426203802_audio_1788955464104.mp3,hindi,0.43392857142857144,0.28413654618473894,0.7463768115942029,,0.038428716735234604
rec_audio_call_426204124_audio_1788955491095.mp3,hindi,0.49246231155778897,0.28360413589364847,0.6206896551724138,1.0,0.043338078546466166
rec_audio_call_426204404_audio_1788955515816.mp3,hindi,2.3333333333333335,0.5833333333333334,1.0,,0.03414279338596476
rec_audio_call_426204463_audio_1788955521517.mp3,hindi,0.4475703324808184,0.2973782771535581,0.6982758620689655,,0.03771687702572878
rec_audio_call_426847860_audio_1789020585952.mp3,hindi,0.5784313725490197,0.3957703927492447,0.7567567567567568,,0.0377768893818538
rec_audio_call_426848290_audio_1789020619592.mp3,hindi,0.5178571428571429,0.3862433862433862,0.84375,0.0,0.039639323881168094
rec_audio_call_426848321_audio_1789020622237.mp3,hindi,0.45054945054945056,0.2759226713532513,0.5862068965517241,,0.0325727688549877
rec_audio_call_426848355_audio_1789020625114.mp3,hindi,0.8888888888888888,0.4369747899159664,0.7941176470588235,0.0,0.045555851023474175
rec_audio_call_426848440_audio_1789020630279.mp3,hindi,0.5714285714285714,0.3761467889908257,0.6296296296296297,,0.07104888213011552
rec_audio_call_426848640_audio_1789020645122.mp3,hindi,0.8947368421052632,0.4674329501915709,0.7297297297297297,0.0,0.04025811495980142
rec_audio_call_426848943_audio_1789020668404.mp3,hindi,1.04,0.6222222222222222,0.6865671641791045,,0.04725159605035144
rec_audio_call_426849624_audio_1789020718433.mp3,hindi,0.6344086021505376,0.44873949579831934,0.6136363636363636,0.0,0.035986961185910944
rec_audio_call_426849843_audio_1789020732404.mp3,hindi,0.317249029395452,0.18514285714285714,0.8567073170731707,,0.03981871878461266
rec_audio_call_426850383_audio_1789020772255.mp3,hindi,1.0,0.45,0.875,,0.0791023478177486
rec_audio_call_426851323_audio_1789020846081.mp3,hindi,1.0476190476190477,0.524390243902439,0.8541666666666666,,0.04170076288715909
rec_audio_call_426851772_audio_1789020879921.mp3,hindi,0.6273062730627307,0.44704570791527315,0.620253164556962,1.0,0.039724683732068174
rec_audio_call_426851856_audio_1789020892000.mp3,hindi,0.4911660777385159,0.28426395939086296,0.6666666666666666,,0.03774012206515415
rec_audio_call_426854007_audio_1789021052086.mp3,hindi,0.5700934579439252,0.3425414364640884,0.5555555555555556,,0.03128321469726239
rec_audio_call_426854157_audio_1789021067058.mp3,hindi,0.5245901639344263,0.30049261083743845,0.6428571428571429,,0.03235401381378201
rec_audio_call_426883755_audio_1789023272654.mp3,hindi,1.0,0.25,1.0,,0.052306917635560356
rec_audio_call_427029817_audio_1789033741551.mp3,hindi,0.875,0.4666666666666667,0.6666666666666666,,0.027434959899012238
rec_audio_call_427302258_audio_1789057958698.mp3,hindi,1.0,0.2,0.5789473684210527,,0.03577128995706215
rec_audio_call_427307060_audio_1789058304926.mp3,hindi,1.0,0.6296296296296297,0.8421052631578947,,0.03572617554847586
rec_audio_call_427311569_audio_1789058616356.mp3,hindi,0.8,0.3,0.8125,,0.03275841633698932
rec_audio_call_427314953_audio_1789058839016.mp3,hindi,1.8,0.9523809523809523,0.7894736842105263,,0.03311192740508968
rec_default_426100823_audio_1788947551748.mp3,hindi,0.627906976744186,0.4722222222222222,0.625,,0.03800631473918204
rec_default_426107316_audio_1788948009635.mp3,hindi,0.8,0.43333333333333335,0.6666666666666666,,0.03953792860307009
rec_default_426107744_audio_1788948040810.mp3,hindi,0.46794871794871795,0.30558183538315986,0.5963302752293578,,0.037862571500179326
rec_default_426108828_audio_1788948111282.mp3,hindi,0.64,0.4156378600823045,0.68,0.0,0.040403991092268624
rec_default_426126463_audio_1788949378147.mp3,hindi,1.0,1.0,1.0,,0.04198733822086909
rec_default_426126833_audio_1788949400904.mp3,hindi,0.7222222222222222,0.4444444444444444,0.6,0.0,0.03570251250534915
rec_default_426127716_audio_1788949472727.mp3,hindi,0.4972972972972973,0.33277870216306155,0.65,1.0,0.03493186136655202
rec_default_426194323_audio_1788954640272.mp3,hindi,0.5555555555555556,0.19444444444444445,0.9411764705882353,,0.029942607315652174
rec_default_426195344_audio_1788954727902.mp3,hindi,0.5,0.2967741935483871,0.6190476190476191,,0.03036277891391714
rec_default_426202313_audio_1788955333217.mp3,hindi,1.0,0.9934426229508196,0.6428571428571429,,0.032384359750573424
rec_default_426204264_audio_1788955509025.mp3,hindi,22.0,6.25,0.0,,0.03219888359850848
rec_default_426204318_audio_1788955517179.mp3,hindi,0.47435897435897434,0.20883534136546184,0.6585365853658537,,0.0542130925890664
rec_default_426848660_audio_1789020643588.mp3,hindi,0.821256038647343,0.5791788856304986,0.8020304568527918,,0.043157864133351695
rec_default_426851955_audio_1789020893146.mp3,hindi,1.1176470588235294,0.8461538461538461,0.625,,0.029778117158302753
rec_default_426853539_audio_1789021025445.mp3,hindi,0.75,0.635593220338983,0.9444444444444444,1.0,0.06630632145849384
rec_default_427012373_audio_1789032615035.mp3,hindi,1.0,0.7857142857142857,0.8064516129032258,,0.034046187436897295
rec_default_427038720_audio_1789034321734.mp3,hindi,2.3333333333333335,1.1666666666666667,1.0,,0.03653983869895672
rec_default_427305556_audio_1789058198302.mp3,hindi,4.0,1.1666666666666667,1.0,,0.035565009545822375
rec_audio_call_426576577_audio_1788983168675.mp3,tamil,0.6115702479338843,0.3093490438477883,0.6465696465696466,0.0,0.036560827085952
rec_audio_call_426580380_audio_1788983454564.mp3,tamil,0.8955223880597015,0.7152103559870551,0.5625,0.0,0.033419947792171834
rec_audio_call_426601291_audio_1788985175536.mp3,tamil,0.7777777777777778,0.5405405405405406,0.6,0.0,0.031585107069302294
rec_default_426573210_audio_1788982914417.mp3,tamil,1.0583941605839415,0.5442424242424242,0.8148148148148148,0.5,0.03281672573082897
rec_default_426597928_audio_1788984899162.mp3,tamil,0.6801872074882995,0.35731479005081573,0.6755555555555556,0.3333333333333333,0.03743358592178169
rec_default_426662883_audio_1788994670065.mp3,tamil,0.9157894736842105,0.5248161764705882,0.72,0.2,0.043735574937063315
rec_audio_call_426604675_audio_1788985474412.mp3,tamil,0.7311827956989247,0.5169491525423728,0.5833333333333334,0.0,0.04047730386851238
rec_audio_call_426613454_audio_1788986291945.mp3,tamil,0.65,0.47466216216216217,0.6557377049180327,0.5,0.039083089067687295
rec_default_426634262_audio_1788988662985.mp3,tamil,0.7692307692307693,0.5323383084577115,0.42857142857142855,0.5,0.028070242188944997
rec_default_426647598_audio_1788990955665.mp3,tamil,0.7275985663082437,0.3399885909868796,0.7932960893854749,0.0,0.038270308266530405
rec_audio_call_421223616_audio_1788491953131.mp3,tamil,0.7049180327868853,0.3877005347593583,0.3448275862068966,,0.038650573259602715
rec_audio_call_421566156_audio_1788520297969.mp3,tamil,0.7058823529411765,0.34365325077399383,0.7777777777777778,0.0,0.03950702611571686
rec_audio_call_423645324_audio_1788715186440.mp3,tamil,0.5813953488372093,0.2756563245823389,0.6986301369863014,0.5,0.03562200342484589
rec_audio_call_424378148_audio_1788784557326.mp3,tamil,0.7637362637362637,0.44227188081936686,0.5081967213114754,,0.038988180718945005
rec_audio_call_424416192_audio_1788788125311.mp3,tamil,0.6253776435045317,0.3399548532731377,0.6951219512195121,,0.031201736726035476
rec_audio_call_425918552_audio_1788933686610.mp3,tamil,0.526829268292683,0.19171348314606743,0.7906976744186046,,0.038305536135372235
rec_default_425656790_audio_1788896051031.mp3,tamil,0.6363636363636364,0.2968536251709986,0.55,0.0,0.04314107832099392
rec_audio_call_420847903_audio_1788453013104.mp3,tamil,0.7038216560509554,0.3595404774726261,0.6477272727272727,0.4,0.044848027611610976
rec_audio_call_424557037_audio_1788800497337.mp3,tamil,0.6296296296296297,0.33013205282112845,0.6274509803921569,0.3333333333333333,0.04201047792108461
rec_audio_call_424970880_audio_1788845652480.mp3,tamil,0.7924528301886793,0.5120481927710844,0.6190476190476191,0.0,0.03692331293443139
rec_audio_call_425207957_audio_1788862678382.mp3,tamil,0.8775510204081632,0.5188470066518847,0.7684210526315789,0.0,0.044439484437739075
rec_audio_call_426372327_audio_1788971567973.mp3,tamil,0.696078431372549,0.3925549915397631,0.5897435897435898,0.6666666666666666,0.051366307120302074
rec_default_423104500_audio_1788669374178.mp3,tamil,0.7862595419847328,0.43105590062111804,0.8424657534246576,0.5,0.0430908971609453
rec_default_423163427_audio_1788674918154.mp3,tamil,0.6875,0.4078014184397163,0.6538461538461539,0.0,0.04516758109038731
rec_default_426023290_audio_1788941856621.mp3,tamil,0.8378378378378378,0.5165289256198347,0.6,0.0,0.04069830006014123
rec_audio_call_426570103_audio_1788982695863.mp3,tamil,0.9136321195144724,0.6171210065375601,0.6775244299674267,0.0,0.04153440491277324
rec_audio_call_426580224_audio_1788983439239.mp3,tamil,0.8382352941176471,0.4733606557377049,0.7948717948717948,0.5,0.05753325622934228
rec_audio_call_426626261_audio_1788987652206.mp3,tamil,0.8443396226415094,0.5293650793650794,0.5967741935483871,0.0,0.04359628869498352
rec_audio_call_426634717_audio_1788988729707.mp3,tamil,0.8235294117647058,0.5012658227848101,0.5172413793103449,0.2,0.04791978361019033
rec_default_426593601_audio_1788984536403.mp3,tamil,0.7195121951219512,0.3757637474541752,0.6756756756756757,0.0,0.043821402404487175
rec_default_426620137_audio_1788986984372.mp3,tamil,0.6736111111111112,0.4200507614213198,0.719626168224299,0.5,0.0398505285592197
rec_default_426633368_audio_1788988531170.mp3,tamil,0.8876404494382022,0.542016806722689,0.6933333333333334,0.3333333333333333,0.036138753163784156
rec_audio_call_426416419_audio_1788974369340.mp3,tamil,0.8181818181818182,0.48254620123203285,0.6938775510204082,0.0,0.043422063072672885
rec_audio_call_426613454_audio_1788986291945.mp3,tamil,0.65,0.47466216216216217,0.6557377049180327,0.5,0.03530352499606453
rec_audio_call_420358272_audio_1788412834216.mp3,tamil,0.6334661354581673,0.32435981615233095,0.7045454545454546,,0.04445583081838386
rec_audio_call_420511856_audio_1788424457087.mp3,tamil,0.7211155378486056,0.3920563741191544,0.6206896551724138,,0.03716981374625095
rec_audio_call_420632008_audio_1788432977108.mp3,tamil,0.6514032496307238,0.32715047530721075,0.75,,0.03811986274481192
rec_audio_call_425129217_audio_1788857364836.mp3,tamil,0.65587734241908,0.32486440194119326,0.5714285714285714,,0.0478071150205349
rec_audio_call_426104039_audio_1788947773748.mp3,tamil,0.6875,0.3679606342263532,0.6944444444444444,,0.03757723584203756
rec_default_421372353_audio_1788505796052.mp3,tamil,0.7574074074074074,0.4624651094461584,0.6876712328767123,,0.041749670061673266
rec_default_421961206_audio_1788551169146.mp3,tamil,0.8461538461538461,0.49166666666666664,0.9120879120879121,0.0,0.035596153461858175
rec_default_424950341_audio_1788843964859.mp3,tamil,0.6807228915662651,0.40209424083769635,0.5352112676056338,1.0,0.03437580121926963
rec_default_425392837_audio_1788878842788.mp3,tamil,0.6785714285714286,0.43288590604026844,0.7272727272727273,0.0,0.038331796137276705
rec_default_426076857_audio_1788945867967.mp3,tamil,0.5357142857142857,0.23976319684262457,0.77,,0.0378332562866059
rec_audio_call_427301394_audio_1789057897529.mp3,tamil,2.2857142857142856,0.875,0.9523809523809523,,0.031294485042291965
rec_audio_call_427304995_audio_1789058153813.mp3,tamil,4.0,1.4489795918367347,0.84,,0.03541092635644647
rec_audio_call_427305229_audio_1789058170052.mp3,tamil,0.8441558441558441,0.4882075471698113,0.5517241379310345,,0.031136625629255583
rec_audio_call_427305426_audio_1789058184851.mp3,tamil,0.4,0.13333333333333333,0.8333333333333334,,0.03501736256753596
rec_audio_call_427305578_audio_1789058200155.mp3,tamil,0.7777777777777778,0.29850746268656714,0.8888888888888888,,0.03297043834356848
rec_audio_call_427305579_audio_1789058197575.mp3,tamil,1.0,1.1333333333333333,1.0,,0.031022806567297254
rec_audio_call_427309343_audio_1789058465241.mp3,tamil,0.4,0.275,0.6666666666666666,,0.031682991479358436
rec_audio_call_427310164_audio_1789058518972.mp3,tamil,2.0,0.8235294117647058,0.9090909090909091,,0.03302727197491373
rec_audio_call_427312372_audio_1789058676733.mp3,tamil,0.7937743190661478,0.48985863552550707,0.6415094339622641,0.0,0.0377403987828275
rec_audio_call_427313310_audio_1789058737356.mp3,tamil,0.6383380547686497,0.35782208588957054,0.6463878326996197,,0.0383560224338428
rec_audio_call_427313337_audio_1789058738019.mp3,tamil,0.3,0.125,0.7777777777777778,,0.039581964456642055
rec_audio_call_427315026_audio_1789058843014.mp3,tamil,0.6901408450704225,0.3704600484261501,0.6388888888888888,,0.05133432809968863
rec_audio_call_427316125_audio_1789058922687.mp3,tamil,0.8333333333333334,0.44625407166123776,0.59375,,0.038143073724971444
rec_audio_call_427316431_audio_1789058946312.mp3,tamil,1.1025641025641026,0.5301724137931034,0.8148148148148148,,0.03739762946236975
rec_default_427302623_audio_1789057989394.mp3,tamil,0.6216216216216216,0.4908256880733945,0.72,,0.05087829649339546
rec_default_427303915_audio_1789058082453.mp3,tamil,0.7796610169491526,0.554140127388535,0.6060606060606061,,0.036139668739425264
rec_default_427307746_audio_1789058356862.mp3,tamil,0.9863013698630136,0.6133909287257019,0.6071428571428571,0.0,0.033230260643070705
rec_default_427308167_audio_1789058388570.mp3,tamil,0.5384615384615384,0.24403341288782815,0.6853932584269663,,0.03893428847335815
rec_default_427310161_audio_1789058524351.mp3,tamil,0.9285714285714286,0.5238095238095238,1.0,,0.03805198641867018
rec_default_427312501_audio_1789058683465.mp3,tamil,3.0,1.3,0.8181818181818182,,0.028398513192203812
rec_default_427313073_audio_1789058722144.mp3,tamil,0.6782608695652174,0.35874439461883406,0.7391304347826086,,0.0315080379237156
rec_default_427314573_audio_1789058813038.mp3,tamil,0.6475409836065574,0.3795620437956204,0.6379310344827587,,0.03529263592636839
rec_audio_call_426641897_audio_1788989870691.mp3,telugu,0.860655737704918,0.5575959933222037,0.7222222222222222,0.0,0.04010971039488136
rec_audio_call_426641906_audio_1788989875034.mp3,telugu,0.7413793103448276,0.42758620689655175,0.7417218543046358,0.3333333333333333,0.03316163352774021
rec_audio_call_426647851_audio_1788991002681.mp3,telugu,0.7392497712717292,0.45184110284781426,0.7366071428571429,1.0,0.03614282006203206
rec_audio_call_426655391_audio_1788992749491.mp3,telugu,0.849624060150376,0.6319218241042345,0.5058823529411764,0.0,0.03431421261660423
rec_audio_call_426669176_audio_1788996452632.mp3,telugu,0.6521739130434783,0.4032258064516129,0.5,0.0,0.03066632121965308
rec_default_426642159_audio_1788989918579.mp3,telugu,0.8904109589041096,0.5634178905206942,0.5172413793103449,0.0,0.029931202645365765
rec_audio_call_426646095_audio_1788990649220.mp3,telugu,0.7843137254901961,0.4691358024691358,0.6666666666666666,0.0,0.0378817687905261
rec_audio_call_426665213_audio_1788995377531.mp3,telugu,0.8111888111888111,0.6149870801033591,0.7321428571428571,0.0,0.032888772463522745
rec_default_426639345_audio_1788989459421.mp3,telugu,0.9316239316239316,0.6205211726384365,0.6842105263157895,0.0,0.03637320650581738
rec_default_426645015_audio_1788990433927.mp3,telugu,0.7707509881422925,0.48644688644688644,0.7424242424242424,0.3333333333333333,0.03459169668930015
rec_audio_call_426149164_audio_1788951056501.mp3,telugu,0.5948275862068966,0.3789868667917448,0.55,0.0,0.03388282920522671
rec_audio_call_426151853_audio_1788951260489.mp3,telugu,0.7381370826010545,0.39606126914660833,0.7352941176470589,0.0,0.043649738697798555
rec_audio_call_426180101_audio_1788953436912.mp3,telugu,0.6578947368421053,0.24607329842931938,0.9523809523809523,0.0,0.047534528325815666
rec_audio_call_426279116_audio_1788962727515.mp3,telugu,0.8066666666666666,0.47294117647058825,0.7068965517241379,0.0,0.04114683254097661
rec_audio_call_426299827_audio_1788964873398.mp3,telugu,0.8258706467661692,0.5549949545913219,0.6774193548387096,0.0,0.03329278766425135
rec_audio_call_426313681_audio_1788966303052.mp3,telugu,0.7372881355932204,0.4330357142857143,0.5769230769230769,0.4,0.03041807240360564
rec_audio_call_426339758_audio_1788968901990.mp3,telugu,0.6603260869565217,0.3682008368200837,0.6835443037974683,1.0,0.03324188585637479
rec_default_426226216_audio_1788957468242.mp3,telugu,0.5576923076923077,0.3458904109589041,0.5714285714285714,0.0,0.03981545136264254
rec_default_426252346_audio_1788960080824.mp3,telugu,0.7244367417677643,0.43160994764397903,0.7341772151898734,0.3333333333333333,0.036820838377635896
rec_default_426303789_audio_1788965281521.mp3,telugu,0.6610738255033557,0.32868171021377673,0.6781115879828327,1.0,0.03722464523408237
rec_audio_call_423101838_audio_1788669053059.mp3,telugu,0.49122807017543857,0.3333333333333333,0.5416666666666666,1.0,0.03426625598754159
rec_audio_call_426127729_audio_1788949472560.mp3,telugu,0.76,0.4566929133858268,0.6842105263157895,0.0,0.03902202692674041
rec_audio_call_426621209_audio_1788987102942.mp3,telugu,0.7,0.3485915492957746,0.6956521739130435,0.0,0.03326098379850332
rec_audio_call_425861520_audio_1788928521393.mp3,telugu,0.7,0.4065934065934066,0.78125,0.5,0.043762935439168475
rec_audio_call_425877181_audio_1788930106387.mp3,telugu,0.75,0.4301675977653631,0.4666666666666667,0.3333333333333333,0.02891210720894475
rec_audio_call_426020111_audio_1788941616667.mp3,telugu,0.726027397260274,0.4371584699453552,0.8666666666666667,0.6666666666666666,0.03295482820745278
rec_audio_call_426030765_audio_1788942418731.mp3,telugu,0.664,0.4310077519379845,0.5833333333333334,0.25,0.03532746622813696
rec_audio_call_426035272_audio_1788942782972.mp3,telugu,0.6964285714285714,0.35251798561151076,0.5714285714285714,0.3333333333333333,0.03397413283005398
rec_audio_call_426185479_audio_1788953866828.mp3,telugu,0.5957446808510638,0.3177842565597668,0.6404494382022472,1.0,0.036909292650351304
rec_audio_call_426259277_audio_1788960796344.mp3,telugu,0.6521739130434783,0.41076487252124644,0.0,0.0,0.03514582638645695
rec_audio_call_426355800_audio_1788970288176.mp3,telugu,0.5747126436781609,0.2721164613661814,0.8,0.0,0.03275466272830089
rec_audio_call_426594019_audio_1788984570393.mp3,telugu,0.6184834123222749,0.30340017436791633,0.7876712328767124,0.0,0.03177820418462581
rec_audio_call_426664156_audio_1788995059123.mp3,telugu,0.6795727636849133,0.3783986031429284,0.6678700361010831,0.4,0.037341508340873575
rec_default_426582734_audio_1788983647126.mp3,telugu,0.7252252252252253,0.4319888734353268,0.6993865030674846,0.0,0.03515896158844374
rec_default_426649193_audio_1788991280922.mp3,telugu,0.8392857142857143,0.528169014084507,0.44,0.0,0.030261573485595127
rec_default_426652242_audio_1788991956749.mp3,telugu,0.7463414634146341,0.4573346116970278,0.6090909090909091,0.0,0.03642643345698911
rec_default_426363836_audio_1788970922202.mp3,telugu,1.0151515151515151,0.6320754716981132,0.55,0.0,0.03245559384411981
rec_default_426408577_audio_1788973914993.mp3,telugu,0.7050359712230215,0.3739458499778074,0.6076294277929155,0.3333333333333333,0.034934061462057235
rec_default_426439325_audio_1788975665682.mp3,telugu,0.7647058823529411,0.5527272727272727,0.7037037037037037,0.0,0.039779973450422904
rec_default_426534420_audio_1788980458455.mp3,telugu,0.7857142857142857,0.48427672955974843,0.625,0.3333333333333333,0.03888032924549681
rec_audio_call_424886004_audio_1788837418505.mp3,telugu,0.740174672489083,0.3883307573415765,0.6646706586826348,0.0,0.03351051301930572
rec_audio_call_425905210_audio_1788932612192.mp3,telugu,0.8615916955017301,0.5803040317250495,0.6905537459283387,,0.03376027902989681
rec_audio_call_425905294_audio_1788932619839.mp3,telugu,0.9272727272727272,0.49504950495049505,0.7894736842105263,0.0,0.04436853140994152
rec_audio_call_425936126_audio_1788935044155.mp3,telugu,0.7900826446280992,0.4833759590792839,0.6884615384615385,1.0,0.037321017639108105
rec_audio_call_426014372_audio_1788941177871.mp3,telugu,0.8052631578947368,0.4904618473895582,0.717741935483871,0.3333333333333333,0.03800523631182944
rec_default_403690174_audio_1786828494349.mp3,telugu,1.0769230769230769,0.6351351351351351,0.7647058823529411,,0.03279752882042857
rec_default_425908372_audio_1788932864052.mp3,telugu,0.7744014732965009,0.447354992345637,0.6804123711340206,0.0,0.03495590125235593
rec_default_425912424_audio_1788933213081.mp3,telugu,0.8922155688622755,0.5674362089914945,0.7297297297297297,0.0,0.03787567114520557
rec_default_426252346_audio_1788960080824.mp3,telugu,0.7244367417677643,0.43160994764397903,0.7341772151898734,0.3333333333333333,0.032616232509682166
rec_default_426578327_audio_1788983295448.mp3,telugu,0.7053571428571429,0.43812709030100333,0.8367346938775511,0.0,0.033161547456869694
rec_audio_call_426195960_audio_1788954780321.mp3,telugu,1.1111111111111112,0.52,0.7857142857142857,,0.032827365508528245
rec_audio_call_427305933_audio_1789058224440.mp3,telugu,0.8074074074074075,0.5083988943227727,0.6517857142857143,0.0,0.03463020587677575
rec_audio_call_427305950_audio_1789058224627.mp3,telugu,0.6696428571428571,0.39718804920913886,0.5342465753424658,,0.03341110572517771
rec_audio_call_427306161_audio_1789058236274.mp3,telugu,0.7358490566037735,0.4173806609547124,0.6818181818181818,0.0,0.03356144385036525
rec_audio_call_427306380_audio_1789058253191.mp3,telugu,0.6571428571428571,0.34408602150537637,0.4375,0.0,0.029998009129874246
rec_audio_call_427306773_audio_1789058284652.mp3,telugu,0.7636363636363637,0.5539033457249071,0.6666666666666666,,0.03062793020959397
rec_audio_call_427306864_audio_1789058288911.mp3,telugu,0.8181818181818182,0.498989898989899,0.7966101694915254,,0.033572505060183944
rec_audio_call_427307036_audio_1789058302393.mp3,telugu,1.0,0.7884615384615384,0.38461538461538464,,0.040981151269849705
rec_audio_call_427307087_audio_1789058314132.mp3,telugu,0.8016085790884718,0.48616910229645094,0.6759776536312849,0.6666666666666666,0.03499827601564417
rec_audio_call_427307162_audio_1789058316356.mp3,telugu,0.74,0.43523600439077936,0.6713780918727915,1.0,0.03433177581412254
rec_default_426848544_audio_1789020636084.mp3,telugu,0.8101694915254237,0.5617910447761194,0.5725806451612904,0.0,0.03220540810332669
rec_default_426857244_audio_1789021306090.mp3,telugu,0.8235294117647058,0.5069860279441117,0.5217391304347826,,0.03171346337901259
rec_default_427305871_audio_1789058217561.mp3,telugu,0.6695652173913044,0.3503289473684211,0.5483870967741935,,0.03574036857808189
rec_default_427305885_audio_1789058218067.mp3,telugu,0.5478723404255319,0.26498422712933756,0.7078651685393258,,0.03698138343536082
rec_default_427305984_audio_1789058228017.mp3,telugu,0.8,0.6283987915407855,0.5952380952380952,,0.03591399485434209
rec_default_427306227_audio_1789058240999.mp3,telugu,0.8551724137931035,0.5491480996068152,0.5974025974025974,0.0,0.03393330098757358
rec_default_427306761_audio_1789058282525.mp3,telugu,0.9387755102040817,0.45774647887323944,0.7954545454545454,0.5,0.033860341054470076
rec_default_427306879_audio_1789058296671.mp3,telugu,1.0,0.6855345911949685,0.7551020408163265,0.0,0.03736386684641273
rec_default_427306937_audio_1789058296620.mp3,telugu,0.9027777777777778,0.5700483091787439,0.6964285714285714,,0.03972976357956888
rec_default_427307000_audio_1789058300924.mp3,telugu,0.4666666666666667,0.3815789473684211,0.8181818181818182,,0.038730018936043366
rec_default_427307149_audio_1789058314884.mp3,telugu,0.796078431372549,0.43978590544157004,0.6521739130434783,,0.03652830562191375
rec_default_427307153_audio_1789058314255.mp3,telugu,0.7802690582959642,0.46639004149377594,0.6704545454545454,,0.033279061458777986
rec_default_427307170_audio_1789058316339.mp3,telugu,1.0769230769230769,0.5555555555555556,0.6923076923076923,,0.03393821769743817
rec_default_427307263_audio_1789058328048.mp3,telugu,1.0,1.0,1.0,,0.03225597667559202
rec_audio_call_426576117_audio_1788983135753.mp3,kannada,0.6875,0.4,0.75,0.0,0.031929731059226606
rec_default_426583408_audio_1788983706194.mp3,kannada,0.7241153342070773,0.38856447688564477,0.7055084745762712,0.0,0.03453674582895548
rec_default_426603278_audio_1788985350942.mp3,kannada,0.8551724137931035,0.5104166666666666,0.7012195121951219,0.5,0.034404326793857576
rec_default_426609609_audio_1788985926405.mp3,kannada,1.1538461538461537,0.5873015873015873,0.8,0.0,0.02928424024856097
rec_default_426649926_audio_1788991429022.mp3,kannada,1.2272727272727273,0.7647058823529411,0.4642857142857143,0.3333333333333333,0.030956487243737035
rec_audio_call_426659403_audio_1788993755666.mp3,kannada,0.8478260869565217,0.4448979591836735,0.625,0.0,0.03027623143737371
rec_default_426594432_audio_1788984607250.mp3,kannada,1.0,0.7701149425287356,0.6,0.0,0.033519505561665226
rec_default_426631751_audio_1788988322014.mp3,kannada,0.7541899441340782,0.3646694214876033,0.6559139784946236,0.3333333333333333,0.03256356824683869
rec_audio_call_424435289_audio_1788789932957.mp3,kannada,0.7068965517241379,0.3257429829389103,0.7280799112097669,,0.036330496018819346
rec_audio_call_425117061_audio_1788856492050.mp3,kannada,0.8216216216216217,0.487778958554729,0.43902439024390244,0.0,0.034565972966838346
rec_default_424610958_audio_1788803526314.mp3,kannada,0.7894736842105263,0.33722358722358725,0.7161290322580646,0.0,0.03195977808748066
rec_default_426636576_audio_1788989005279.mp3,kannada,0.7761194029850746,0.4240930599369085,0.7697594501718213,,0.03538081885062154
rec_default_424154820_audio_1788768178955.mp3,kannada,0.8888888888888888,0.46236559139784944,0.7142857142857143,0.0,0.04947035828252992
rec_audio_call_424355050_audio_1788782425826.mp3,kannada,0.6764705882352942,0.40022421524663676,0.6753246753246753,0.2,0.03915282287256375
rec_audio_call_425887818_audio_1788931097237.mp3,kannada,0.6896551724137931,0.3785488958990536,0.7391304347826086,0.0,0.03765142141127536
rec_audio_call_425981754_audio_1788938608293.mp3,kannada,0.8160919540229885,0.4324009324009324,0.6296296296296297,0.0,0.03524856154655801
rec_audio_call_426306233_audio_1788965543370.mp3,kannada,0.8811881188118812,0.5532710280373832,0.5227272727272727,0.0,0.03644111609242027
rec_default_422311857_audio_1788593947270.mp3,kannada,0.7247706422018348,0.4666666666666667,0.6851851851851852,0.25,0.04342988101639583
rec_default_423336284_audio_1788688591351.mp3,kannada,0.752,0.3855072463768116,0.627906976744186,0.3333333333333333,0.03752122599344671
rec_default_424687669_audio_1788807599801.mp3,kannada,0.6823529411764706,0.38484848484848483,0.6931818181818182,0.0,0.034849687916842564
rec_default_425476935_audio_1788886067609.mp3,kannada,0.8157894736842105,0.43646408839779005,0.5769230769230769,0.0,0.033687799545928654
rec_default_426377718_audio_1788971973414.mp3,kannada,0.7288135593220338,0.4567901234567901,0.5185185185185185,0.25,0.036879531243929425
rec_audio_call_426540516_audio_1788980804355.mp3,kannada,0.84,0.5298804780876494,0.5,0.0,0.034658148693871266
rec_audio_call_426628134_audio_1788987862205.mp3,kannada,0.87716955941255,0.5144399460188934,0.7213483146067415,0.3,0.03672460274063976
rec_default_426432272_audio_1788975283995.mp3,kannada,0.68,0.3312020460358056,0.6153846153846154,0.0,0.035602038565838226
rec_default_426636424_audio_1788988982930.mp3,kannada,0.8674698795180723,0.5658682634730539,0.6527777777777778,0.0,0.03456749589443264
rec_default_426648998_audio_1788991242054.mp3,kannada,0.9538461538461539,0.7099697885196374,0.7538461538461538,0.0,0.033149037647864234
rec_audio_call_425981754_audio_1788938608293.mp3,kannada,0.8044692737430168,0.4328018223234624,0.5555555555555556,0.4,0.030828604555240495
rec_default_425942168_audio_1788935504071.mp3,kannada,0.7713004484304933,0.4027027027027027,0.6554054054054054,0.25,0.03377808011496695
rec_default_426538743_audio_1788980705149.mp3,kannada,0.7671814671814672,0.38893263655236593,0.7071038251366121,0.0,0.036238792787811815
rec_default_426548691_audio_1788981313336.mp3,kannada,0.9032258064516129,0.6346863468634686,0.37037037037037035,0.0,0.03827188692814842
rec_audio_call_403536354_audio_1786818099540.mp3,kannada,0.6190476190476191,0.36134453781512604,0.6666666666666666,,0.03905252776855713
rec_audio_call_403544174_audio_1786818489013.mp3,kannada,0.6885245901639344,0.38205645161290325,0.6195652173913043,,0.035324412084457
rec_audio_call_403785250_audio_1786846993871.mp3,kannada,1.2222222222222223,0.5,0.7857142857142857,,0.03768596782425583
rec_audio_call_421629115_audio_1788525839912.mp3,kannada,0.6995073891625616,0.32873203358474457,0.722972972972973,,0.034005225178135846
rec_audio_call_424397178_audio_1788786285103.mp3,kannada,0.8775510204081632,0.44405594405594406,0.5263157894736842,,0.033407930702868946
rec_audio_call_425591249_audio_1788892319841.mp3,kannada,0.8578431372549019,0.4824935952177626,0.7325581395348837,,0.032683483435104306
rec_default_403927389_audio_1786861712369.mp3,kannada,0.7051961823966065,0.37829145728643215,0.6761363636363636,,0.03530003293535923
rec_default_420511327_audio_1788424417781.mp3,kannada,0.7972665148063781,0.4291790727350064,0.6989795918367347,1.0,0.03527160188112641
rec_default_423324272_audio_1788687697269.mp3,kannada,0.7556390977443609,0.37362637362637363,0.5470085470085471,,0.034224431783206985
rec_audio_call_426100503_audio_1788947524083.mp3,kannada,0.7297297297297297,0.3894230769230769,0.5263157894736842,,0.0331185396638744
rec_audio_call_426855757_audio_1789021187400.mp3,kannada,,,0.0,,0.0379732187535231
rec_audio_call_426855856_audio_1789021196066.mp3,kannada,0.8424657534246576,0.5155844155844156,0.7777777777777778,,0.038644662598288144
rec_audio_call_426856109_audio_1789021226515.mp3,kannada,0.8333333333333334,0.5701754385964912,0.7727272727272727,,0.03508223360547194
rec_audio_call_426857289_audio_1789021309748.mp3,kannada,1.1304347826086956,0.6083916083916084,0.76,,0.042325204175839994
rec_audio_call_426857427_audio_1789021321811.mp3,kannada,0.6948228882833788,0.3721747865394274,0.6809116809116809,0.0,0.03483287455316504
rec_audio_call_426864047_audio_1789021815416.mp3,kannada,0.8549848942598187,0.46503019676602375,0.6876513317191283,0.5,0.0374502761832519
rec_audio_call_426864085_audio_1789021818783.mp3,kannada,0.7802197802197802,0.4043956043956044,0.40625,,0.03522886649488859
rec_audio_call_426864490_audio_1789021845136.mp3,kannada,0.7452380952380953,0.36508620689655175,0.7024390243902439,,0.03559867307617849
rec_audio_call_426864592_audio_1789021851330.mp3,kannada,0.6666666666666666,0.35687732342007433,0.7818181818181819,,0.037604702048598955
rec_audio_call_426864613_audio_1789021855826.mp3,kannada,0.8541666666666666,0.5276595744680851,0.6739130434782609,,0.03357835144853493
rec_audio_call_426864718_audio_1789021861946.mp3,kannada,1.1818181818181819,0.6086956521739131,0.6875,,0.04356319891187361
rec_audio_call_426864879_audio_1789021871603.mp3,kannada,0.8648648648648649,0.4521276595744681,0.782608695652174,,0.04133241099892662
rec_audio_call_426865756_audio_1789021933370.mp3,kannada,0.7422680412371134,0.4324853228962818,0.6739130434782609,,0.031338954453676016
rec_audio_call_426866100_audio_1789021962100.mp3,kannada,0.7741935483870968,0.30144927536231886,0.7857142857142857,,0.038460665033706896
rec_audio_call_426871106_audio_1789022339887.mp3,kannada,0.7592137592137592,0.3617021276595745,0.6180555555555556,,0.036601055347452366
rec_audio_call_426881695_audio_1789023110536.mp3,kannada,0.46153846153846156,0.21311475409836064,0.75,,0.030587127800508228
rec_audio_call_426882947_audio_1789023209263.mp3,kannada,0.5555555555555556,0.37142857142857144,0.7692307692307693,,0.0367794364477023
rec_default_426101552_audio_1788947595142.mp3,kannada,0.7734375,0.4310850439882698,0.6875,,0.03865093501426583
rec_default_426855984_audio_1789021209994.mp3,kannada,0.7007299270072993,0.2742616033755274,0.7045454545454546,,0.031956367601008014
rec_default_426863933_audio_1789021808134.mp3,kannada,0.6956521739130435,0.3308270676691729,0.8888888888888888,,0.025702782980196796
rec_default_426864020_audio_1789021816720.mp3,kannada,0.8888888888888888,0.5052816901408451,0.6557377049180327,,0.0373259532250936
rec_default_426864282_audio_1789021827994.mp3,kannada,0.793939393939394,0.41430073606729756,0.5692307692307692,,0.030190627989470878
rec_default_426864654_audio_1789021854639.mp3,kannada,0.75,0.4473684210526316,0.875,,0.028973937739987347
rec_default_426864666_audio_1789021861790.mp3,kannada,0.6712328767123288,0.3022670025188917,0.6538461538461539,,0.03136364392250373
rec_default_426865205_audio_1789021894193.mp3,kannada,0.9230769230769231,0.5853658536585366,0.631578947368421,,0.03438723806376434
rec_default_426865726_audio_1789021930759.mp3,kannada,0.7890625,0.4667651403249631,0.8070175438596491,,0.03328471879882823
rec_default_426865848_audio_1789021942575.mp3,kannada,0.6401673640167364,0.29173047473200614,0.6363636363636364,,0.03272900153953023
rec_default_426883317_audio_1789023235707.mp3,kannada,0.7368421052631579,0.524390243902439,0.42857142857142855,,0.03447741735513589
rec_audio_call_426655931_audio_1788992894349.mp3,malayalam,0.76875,0.3934624697336562,0.7586206896551724,0.0,0.0401889119604192
rec_audio_call_426656676_audio_1788993082694.mp3,malayalam,0.7888198757763976,0.42866666666666664,0.703862660944206,1.0,0.035422827731590306
rec_default_426656120_audio_1788992939200.mp3,malayalam,0.8215962441314554,0.3837667454688731,0.5514018691588785,0.0,0.03643313167162264
rec_default_426667318_audio_1788995960432.mp3,malayalam,1.0,0.5894538606403014,0.5769230769230769,0.0,0.037409389504730856
rec_default_426669005_audio_1788996409641.mp3,malayalam,0.9333333333333333,0.5149700598802395,0.5862068965517241,0.0,0.031575747043870936
rec_audio_call_426652927_audio_1788992127130.mp3,malayalam,0.7964601769911505,0.41899441340782123,0.5714285714285714,0.0,0.03356115960360606
rec_audio_call_426658746_audio_1788993588302.mp3,malayalam,0.7446808510638298,0.3597122302158273,0.6666666666666666,0.0,0.03504095533858583
rec_audio_call_426664916_audio_1788995286548.mp3,malayalam,0.7039030955585465,0.32883461868037706,0.7383177570093458,0.0,0.034234989215726506
rec_default_426657127_audio_1788993186310.mp3,malayalam,0.6666666666666666,0.3427299703264095,0.65,0.0,0.039330830810141125
rec_audio_call_422128803_audio_1788577048478.mp3,malayalam,0.828080229226361,0.3714416896235078,0.6515151515151515,0.0,0.03394111259315247
rec_audio_call_425915592_audio_1788933460694.mp3,malayalam,0.8192090395480226,0.3991341991341991,0.6979166666666666,,0.033574510357302655
rec_audio_call_426303042_audio_1788965197636.mp3,malayalam,0.6780660377358491,0.31880448318804483,0.6553191489361702,0.0,0.03209740813622006
rec_audio_call_426322019_audio_1788967195267.mp3,malayalam,0.835820895522388,0.5132530120481927,0.5348837209302325,0.0,0.0399871815678865
rec_default_423505352_audio_1788703352920.mp3,malayalam,0.8156424581005587,0.46278026905829595,0.6136363636363636,0.0,0.03598599692431607
rec_default_423562532_audio_1788709014492.mp3,malayalam,0.7987012987012987,0.40790742526518803,0.6363636363636364,,0.032982297006848016
rec_default_425939252_audio_1788935280682.mp3,malayalam,0.6839285714285714,0.3325428194993412,0.7631578947368421,0.0,0.03578590545645474
rec_default_425971422_audio_1788937802743.mp3,malayalam,0.8205128205128205,0.4198740377886634,0.5360824742268041,0.0,0.034247339906714296
rec_default_426438311_audio_1788975608857.mp3,malayalam,0.8316831683168316,0.44505494505494503,0.684931506849315,0.0,0.03121134108762998
rec_audio_call_425205242_audio_1788862499869.mp3,malayalam,0.7591623036649214,0.4570230607966457,0.6268656716417911,0.0,0.032135466886084006
rec_audio_call_426339629_audio_1788968889098.mp3,malayalam,0.8857142857142857,0.49403341288782815,0.3076923076923077,0.0,0.031851808775679474
rec_default_426480223_audio_1788977664177.mp3,malayalam,0.7019867549668874,0.40129449838187703,0.5384615384615384,0.0,0.03720827818628458
rec_default_426608730_audio_1788985842618.mp3,malayalam,0.7272727272727273,0.4838709677419355,0.5,,0.036759333155734236
rec_audio_call_426565068_audio_1788982358963.mp3,malayalam,0.7952468007312614,0.4061674008810573,0.7102803738317757,0.5,0.03590386185145071
rec_default_426460304_audio_1788976707317.mp3,malayalam,0.7627118644067796,0.39385474860335196,0.5641025641025641,0.0,0.02995235147687546
rec_default_426537197_audio_1788980611266.mp3,malayalam,0.8035714285714286,0.484375,0.8055555555555556,1.0,0.034865826884634965
rec_default_426565486_audio_1788982385911.mp3,malayalam,0.8098360655737705,0.4491750931346461,0.6081081081081081,0.25,0.03361135534707853
rec_default_426573512_audio_1788982942725.mp3,malayalam,0.71875,0.4445927903871829,0.5686274509803921,0.0,0.03122626273408978
rec_default_426591403_audio_1788984361913.mp3,malayalam,1.0,0.5602409638554217,0.7647058823529411,0.0,0.03172816895421213
rec_default_426604065_audio_1788985417369.mp3,malayalam,0.9814814814814815,0.5014749262536873,0.8076923076923077,0.0,0.03285904988100451
rec_audio_call_426339629_audio_1788968889098.mp3,malayalam,0.8732394366197183,0.48184019370460046,0.38461538461538464,0.5,0.037035470574546765
rec_default_426606195_audio_1788985611722.mp3,malayalam,0.8374384236453202,0.47150259067357514,0.7928994082840237,0.2,0.03700133919073145
rec_default_426610860_audio_1788986032726.mp3,malayalam,1.0232558139534884,0.6008771929824561,0.65,0.0,0.03420383731378723
rec_audio_call_425348262_audio_1788874390379.mp3,malayalam,0.7723292469352014,0.4377233282286881,0.7897435897435897,,0.03794849602731402
rec_audio_call_425360795_audio_1788875574199.mp3,malayalam,0.759656652360515,0.3487654320987654,0.6666666666666666,,0.036695570519092294
rec_audio_call_425384170_audio_1788877922101.mp3,malayalam,0.7039030955585465,0.34117879746835444,0.7113821138211383,0.0,0.03969863876114337
rec_audio_call_426189476_audio_1788954198708.mp3,malayalam,0.7923497267759563,0.38384679433805163,0.6824034334763949,,0.040549467948717145
rec_default_423219318_audio_1788679354453.mp3,malayalam,0.955637707948244,0.5205151242887092,0.8023715415019763,,0.034553968192134674
rec_default_423662590_audio_1788716156245.mp3,malayalam,0.7663934426229508,0.4189996854356716,0.7159763313609467,1.0,0.03704258049832637
rec_default_426600174_audio_1788985087863.mp3,malayalam,0.8041237113402062,0.44361649279682064,0.6412213740458015,,0.034723735259538806
rec_audio_call_427000661_audio_1789031852494.mp3,malayalam,0.8299845440494591,0.4922770303936223,0.6604477611940298,0.0,0.035159077562014696
rec_audio_call_427012298_audio_1789032612558.mp3,malayalam,0.7814569536423841,0.4140197152245345,0.34782608695652173,,0.03692270419249655
rec_audio_call_427013211_audio_1789032669332.mp3,malayalam,0.7910447761194029,0.4475,0.46153846153846156,,0.046398190141737544
rec_audio_call_427027152_audio_1789033559289.mp3,malayalam,0.704612365063788,0.3336711059640996,0.7142857142857143,1.0,0.037207994036571344
rec_audio_call_427027250_audio_1789033566943.mp3,malayalam,0.7444444444444445,0.3375,0.6222222222222222,0.0,0.0351183024806743
rec_audio_call_427038731_audio_1789034322684.mp3,malayalam,0.9130434782608695,0.56875,0.8235294117647058,,0.032518924960925254
rec_default_426107989_audio_1788948054504.mp3,malayalam,0.6842105263157895,0.45217391304347826,0.5,,0.04838455834376722
rec_default_426108348_audio_1788948073644.mp3,malayalam,0.5,0.3088235294117647,0.76,,0.03715046804407066
rec_default_426108689_audio_1788948098669.mp3,malayalam,0.8666666666666667,0.43023255813953487,0.5,,0.030879410601355125
rec_default_426850375_audio_1789020775029.mp3,malayalam,0.6666666666666666,0.36363636363636365,0.45454545454545453,,0.030871669279081068
rec_default_427000374_audio_1789031836869.mp3,malayalam,0.75,0.31683168316831684,0.9629629629629629,,0.03285399663976617
rec_default_427012375_audio_1789032614721.mp3,malayalam,0.9666666666666667,0.6563876651982379,0.47619047619047616,0.0,0.0312610189619827
rec_default_427012537_audio_1789032626712.mp3,malayalam,0.7413793103448276,0.45375722543352603,0.7777777777777778,0.0,0.03855223567430816
rec_default_427012589_audio_1789032630677.mp3,malayalam,0.8717948717948718,0.5164835164835165,0.391304347826087,,0.032537183621627316
rec_default_427012755_audio_1789032638070.mp3,malayalam,0.8493975903614458,0.5143149284253579,0.46511627906976744,,0.034931395366812085
rec_default_427018157_audio_1789032985293.mp3,malayalam,0.7241379310344828,0.4013605442176871,0.75,,0.03778771041666786
rec_default_427030481_audio_1789033781981.mp3,malayalam,0.8529411764705882,0.46236559139784944,0.6176470588235294,,0.03485365186997283
rec_default_427035680_audio_1789034118532.mp3,malayalam,0.8257261410788381,0.48421679571173315,0.5333333333333333,,0.037912784046061535
rec_default_427037139_audio_1789034210020.mp3,malayalam,0.8604651162790697,0.40773809523809523,0.6153846153846154,,0.030357478320277142
rec_default_427038996_audio_1789034340803.mp3,malayalam,1.0,0.6666666666666666,0.8888888888888888,,0.03211318854984301
