,,,,Model Confidence Score,,,,,,,,Log Probability,,,,,,,,Token Entropy,,,,,,,
category,threshold,n_gt_pos,n_gt_neg,tp,fp,fn,tn,precision,recall,specificity,accuracy,tp,fp,fn,tn,precision,recall,specificity,accuracy,tp,fp,fn,tn,precision,recall,specificity,accuracy
Explicit-Flirting,0.0,113,268,6,2,107,266,0.75,0.05,0.99,0.71,6,2,107,266,0.75,0.05,0.99,0.71,0,0,113,268,,0.0,1.0,0.7
Explicit-Flirting,0.1,113,268,6,2,107,266,0.75,0.05,0.99,0.71,6,2,107,266,0.75,0.05,0.99,0.71,6,2,107,266,0.75,0.05,0.99,0.71
Explicit-Flirting,0.2,113,268,6,2,107,266,0.75,0.05,0.99,0.71,6,2,107,266,0.75,0.05,0.99,0.71,6,2,107,266,0.75,0.05,0.99,0.71
Explicit-Flirting,0.3,113,268,6,2,107,266,0.75,0.05,0.99,0.71,6,2,107,266,0.75,0.05,0.99,0.71,6,2,107,266,0.75,0.05,0.99,0.71
Explicit-Flirting,0.4,113,268,6,2,107,266,0.75,0.05,0.99,0.71,6,2,107,266,0.75,0.05,0.99,0.71,6,2,107,266,0.75,0.05,0.99,0.71
Explicit-Flirting,0.5,113,268,6,2,107,266,0.75,0.05,0.99,0.71,6,2,107,266,0.75,0.05,0.99,0.71,6,2,107,266,0.75,0.05,0.99,0.71
Explicit-Flirting,0.6,113,268,6,2,107,266,0.75,0.05,0.99,0.71,6,2,107,266,0.75,0.05,0.99,0.71,6,2,107,266,0.75,0.05,0.99,0.71
Explicit-Flirting,0.7,113,268,6,2,107,266,0.75,0.05,0.99,0.71,6,2,107,266,0.75,0.05,0.99,0.71,6,2,107,266,0.75,0.05,0.99,0.71
Explicit-Flirting,0.8,113,268,5,2,108,266,0.71,0.04,0.99,0.71,5,2,108,266,0.71,0.04,0.99,0.71,6,1,107,267,0.86,0.05,1.0,0.72
Explicit-Flirting,0.9,113,268,2,0,111,268,1.0,0.02,1.0,0.71,4,2,109,266,0.67,0.04,0.99,0.71,0,0,113,268,,0.0,1.0,0.7
Explicit-Flirting,none,113,268,6,2,107,266,0.75,0.05,0.99,0.71,6,2,107,266,0.75,0.05,0.99,0.71,6,2,107,266,0.75,0.05,0.99,0.71
PlatformMove,0.0,130,251,16,2,114,249,0.89,0.12,0.99,0.7,16,2,114,249,0.89,0.12,0.99,0.7,0,0,130,251,,0.0,1.0,0.66
PlatformMove,0.1,130,251,16,2,114,249,0.89,0.12,0.99,0.7,16,2,114,249,0.89,0.12,0.99,0.7,16,2,114,249,0.89,0.12,0.99,0.7
PlatformMove,0.2,130,251,16,2,114,249,0.89,0.12,0.99,0.7,16,2,114,249,0.89,0.12,0.99,0.7,16,2,114,249,0.89,0.12,0.99,0.7
PlatformMove,0.3,130,251,16,2,114,249,0.89,0.12,0.99,0.7,16,2,114,249,0.89,0.12,0.99,0.7,16,2,114,249,0.89,0.12,0.99,0.7
PlatformMove,0.4,130,251,16,2,114,249,0.89,0.12,0.99,0.7,16,2,114,249,0.89,0.12,0.99,0.7,16,2,114,249,0.89,0.12,0.99,0.7
PlatformMove,0.5,130,251,16,2,114,249,0.89,0.12,0.99,0.7,16,2,114,249,0.89,0.12,0.99,0.7,16,1,114,250,0.94,0.12,1.0,0.7
PlatformMove,0.6,130,251,16,2,114,249,0.89,0.12,0.99,0.7,16,2,114,249,0.89,0.12,0.99,0.7,16,1,114,250,0.94,0.12,1.0,0.7
PlatformMove,0.7,130,251,16,2,114,249,0.89,0.12,0.99,0.7,16,2,114,249,0.89,0.12,0.99,0.7,16,1,114,250,0.94,0.12,1.0,0.7
PlatformMove,0.8,130,251,16,2,114,249,0.89,0.12,0.99,0.7,16,2,114,249,0.89,0.12,0.99,0.7,14,1,116,250,0.93,0.11,1.0,0.69
PlatformMove,0.9,130,251,15,2,115,249,0.88,0.12,0.99,0.69,11,0,119,251,1.0,0.08,1.0,0.69,0,0,130,251,,0.0,1.0,0.66
PlatformMove,none,130,251,16,2,114,249,0.89,0.12,0.99,0.7,16,2,114,249,0.89,0.12,0.99,0.7,16,2,114,249,0.89,0.12,0.99,0.7
SuspiciousActivity,0.0,70,311,21,4,49,307,0.84,0.3,0.99,0.86,21,4,49,307,0.84,0.3,0.99,0.86,0,0,70,311,,0.0,1.0,0.82
SuspiciousActivity,0.1,70,311,21,4,49,307,0.84,0.3,0.99,0.86,21,4,49,307,0.84,0.3,0.99,0.86,21,4,49,307,0.84,0.3,0.99,0.86
SuspiciousActivity,0.2,70,311,21,4,49,307,0.84,0.3,0.99,0.86,21,4,49,307,0.84,0.3,0.99,0.86,21,4,49,307,0.84,0.3,0.99,0.86
SuspiciousActivity,0.3,70,311,21,4,49,307,0.84,0.3,0.99,0.86,21,4,49,307,0.84,0.3,0.99,0.86,21,4,49,307,0.84,0.3,0.99,0.86
SuspiciousActivity,0.4,70,311,21,4,49,307,0.84,0.3,0.99,0.86,21,4,49,307,0.84,0.3,0.99,0.86,21,4,49,307,0.84,0.3,0.99,0.86
SuspiciousActivity,0.5,70,311,21,4,49,307,0.84,0.3,0.99,0.86,21,4,49,307,0.84,0.3,0.99,0.86,21,4,49,307,0.84,0.3,0.99,0.86
SuspiciousActivity,0.6,70,311,21,4,49,307,0.84,0.3,0.99,0.86,21,4,49,307,0.84,0.3,0.99,0.86,20,4,50,307,0.83,0.29,0.99,0.86
SuspiciousActivity,0.7,70,311,21,4,49,307,0.84,0.3,0.99,0.86,21,4,49,307,0.84,0.3,0.99,0.86,18,3,52,308,0.86,0.26,0.99,0.86
SuspiciousActivity,0.8,70,311,21,4,49,307,0.84,0.3,0.99,0.86,20,3,50,308,0.87,0.29,0.99,0.86,15,2,55,309,0.88,0.21,0.99,0.85
SuspiciousActivity,0.9,70,311,19,3,51,308,0.86,0.27,0.99,0.86,19,2,51,309,0.9,0.27,0.99,0.86,0,0,70,311,,0.0,1.0,0.82
SuspiciousActivity,none,70,311,21,4,49,307,0.84,0.3,0.99,0.86,21,4,49,307,0.84,0.3,0.99,0.86,21,4,49,307,0.84,0.3,0.99,0.86
ALL,0.0,214,167,38,6,176,161,0.86,0.18,0.96,0.52,38,6,176,161,0.86,0.18,0.96,0.52,0,0,214,167,,0.0,1.0,0.44
ALL,0.1,214,167,38,6,176,161,0.86,0.18,0.96,0.52,38,6,176,161,0.86,0.18,0.96,0.52,38,6,176,161,0.86,0.18,0.96,0.52
ALL,0.2,214,167,38,6,176,161,0.86,0.18,0.96,0.52,38,6,176,161,0.86,0.18,0.96,0.52,38,6,176,161,0.86,0.18,0.96,0.52
ALL,0.3,214,167,38,6,176,161,0.86,0.18,0.96,0.52,38,6,176,161,0.86,0.18,0.96,0.52,38,6,176,161,0.86,0.18,0.96,0.52
ALL,0.4,214,167,38,6,176,161,0.86,0.18,0.96,0.52,38,6,176,161,0.86,0.18,0.96,0.52,38,6,176,161,0.86,0.18,0.96,0.52
ALL,0.5,214,167,38,6,176,161,0.86,0.18,0.96,0.52,38,6,176,161,0.86,0.18,0.96,0.52,38,6,176,161,0.86,0.18,0.96,0.52
ALL,0.6,214,167,38,6,176,161,0.86,0.18,0.96,0.52,38,6,176,161,0.86,0.18,0.96,0.52,37,6,177,161,0.86,0.17,0.96,0.52
ALL,0.7,214,167,38,6,176,161,0.86,0.18,0.96,0.52,38,6,176,161,0.86,0.18,0.96,0.52,36,5,178,162,0.88,0.17,0.97,0.52
ALL,0.8,214,167,37,6,177,161,0.86,0.17,0.96,0.52,36,5,178,162,0.88,0.17,0.97,0.52,33,3,181,164,0.92,0.15,0.98,0.52
ALL,0.9,214,167,31,4,183,163,0.89,0.14,0.98,0.51,31,3,183,164,0.91,0.14,0.98,0.51,0,0,214,167,,0.0,1.0,0.44
ALL,none,214,167,38,6,176,161,0.86,0.18,0.96,0.52,38,6,176,161,0.86,0.18,0.96,0.52,38,6,176,161,0.86,0.18,0.96,0.52
