file_id,language,wer,cer,wer_ref_word_count,cer_ref_char_count,boundary_corruption_rate,policy_term_recall,real_time_factor
rec_audio_call_426576577_audio_1788983168675.mp3,tamil,0.4988193624557261,0.22097740003863242,1694,10354,0.6458333333333334,0.0,0.4659052351186663
rec_audio_call_426883755_audio_1789023272654.mp3,hindi,1.2,0.4,5,20,1.0,,0.39118401002578435
rec_audio_call_426565546_audio_1788982388939.mp3,hindi,2.3333333333333335,1.0,3,13,1.0,,0.4072235629749964
rec_default_427307170_audio_1789058316339.mp3,telugu,1.0,0.7301587301587301,13,63,0.8,,0.3760663649058679
rec_audio_call_427000661_audio_1789031852494.mp3,malayalam,0.6027820710973725,0.33358246138515196,647,4014,0.7169811320754716,1.0,0.4379080301164984
rec_audio_call_426864879_audio_1789021871603.mp3,kannada,3.945945945945946,2.973404255319149,37,188,0.6666666666666666,,0.6155510840831523
rec_audio_call_426201717_audio_1788955277234.mp3,hindi,0.2692307692307692,0.12048192771084337,52,166,0.25,,0.37353115170388784
rec_default_426460304_audio_1788976707317.mp3,malayalam,0.576271186440678,0.44972067039106145,59,358,0.14285714285714285,1.0,0.4277981611777179
rec_default_427012537_audio_1789032626712.mp3,malayalam,0.6896551724137931,0.2976878612716763,58,346,0.8,0.0,0.4531896117374546
rec_default_426363836_audio_1788970922202.mp3,telugu,0.7121212121212122,0.559748427672956,66,318,0.4166666666666667,0.6666666666666666,0.37241419764157235
rec_default_426194323_audio_1788954640272.mp3,hindi,0.2222222222222222,0.1111111111111111,9,36,0.6666666666666666,,0.3664262997738176
rec_default_425656790_audio_1788896051031.mp3,tamil,0.6115702479338843,0.3283173734610123,121,731,0.5,0.0,0.49740525344811337
rec_audio_call_427315026_audio_1789058843014.mp3,tamil,0.5633802816901409,0.23002421307506055,71,413,0.2857142857142857,,0.5186545012030432
rec_audio_call_426180101_audio_1788953436912.mp3,telugu,0.4473684210526316,0.16753926701570682,38,191,1.0,0.0,0.444613977115104
rec_audio_call_426854007_audio_1789021052086.mp3,hindi,0.2897196261682243,0.24585635359116023,107,362,0.42857142857142855,,0.39768607824987307
rec_default_427035680_audio_1789034118532.mp3,malayalam,0.5975103734439834,0.33055390113162597,241,1679,0.3333333333333333,,0.3494599897279558
rec_audio_call_426580380_audio_1788983454564.mp3,tamil,0.8955223880597015,0.7605177993527508,67,309,0.6666666666666666,0.3333333333333333,0.3957128255229049
rec_audio_call_426656676_audio_1788993082694.mp3,malayalam,0.5072463768115942,0.2753333333333333,483,3000,0.6739130434782609,1.0,0.3942861016774508
rec_default_426620137_audio_1788986984372.mp3,tamil,0.5208333333333334,0.2969543147208122,144,788,0.6666666666666666,0.5,0.35895560335936566
rec_audio_call_425936126_audio_1788935044155.mp3,telugu,0.5107438016528926,0.2768542199488491,605,3128,0.6346153846153846,0.0,0.4022670581991392
rec_audio_call_426864047_audio_1789021815416.mp3,kannada,1.05337361530715,0.6606273134619131,993,5133,0.7195121951219512,0.5,0.5185219593436645
rec_audio_call_426851772_audio_1789020879921.mp3,hindi,0.39114391143911437,0.28651059085841696,271,897,0.6666666666666666,1.0,0.3839841345704694
rec_default_426645015_audio_1788990433927.mp3,telugu,0.5177865612648221,0.2857142857142857,253,1365,0.7307692307692307,1.0,0.37926743099337556
rec_default_426126463_audio_1788949378147.mp3,hindi,1.0,1.0,5,17,1.0,,0.5891636862811466
rec_default_426647598_audio_1788990955665.mp3,tamil,1.1612903225806452,0.5173987450085568,279,1753,0.8,0.0,0.4151643237044632
rec_default_427307263_audio_1789058328048.mp3,telugu,6.0,4.0,1,5,1.0,,0.4070622015735012
rec_default_426609609_audio_1788985926405.mp3,kannada,0.7948717948717948,0.48148148148148145,39,189,0.5555555555555556,0.0,0.3853969653738274
rec_default_426438311_audio_1788975608857.mp3,malayalam,0.6039603960396039,0.36153846153846153,303,1820,0.5862068965517241,1.0,0.4258245543777259
rec_default_423336284_audio_1788688591351.mp3,kannada,0.488,0.25507246376811593,125,690,0.625,0.6666666666666666,0.490484537222306
rec_default_427012755_audio_1789032638070.mp3,malayalam,0.6506024096385542,0.3997955010224949,166,978,0.29411764705882354,,0.39636198535873063
rec_audio_call_425905210_audio_1788932612192.mp3,telugu,0.552479815455594,0.320334875523243,867,4539,0.47540983606557374,,0.4126250172648259
rec_audio_call_403536354_audio_1786818099540.mp3,kannada,0.5714285714285714,0.24369747899159663,21,119,0.6666666666666666,,0.4498237905784606
rec_audio_call_426641897_audio_1788989870691.mp3,telugu,0.5737704918032787,0.4357262103505843,122,599,0.6,0.5,0.46881298371319563
rec_audio_call_421865395_audio_1788545383247.mp3,hindi,0.2978723404255319,0.22162162162162163,47,185,0.25,,0.43177911644685
rec_default_426439325_audio_1788975665682.mp3,telugu,0.6078431372549019,0.3418181818181818,51,275,0.2,0.0,0.41263119564357703
rec_audio_call_420358272_audio_1788412834216.mp3,tamil,0.545816733067729,0.23768877216021012,251,1523,0.47058823529411764,,0.4506332278180589
rec_audio_call_425384170_audio_1788877922101.mp3,malayalam,0.3714670255720054,0.14853639240506328,743,5056,0.6530612244897959,1.0,0.4677016532412038
rec_default_427313073_audio_1789058722144.mp3,tamil,0.6173913043478261,0.23318385650224216,115,669,0.3333333333333333,,0.4578440065233471
rec_default_427018157_audio_1789032985293.mp3,malayalam,6.482758620689655,1.4217687074829932,29,147,0.75,,0.39929528707929446
rec_audio_call_421629115_audio_1788525839912.mp3,kannada,0.4548440065681445,0.19083534936672833,1218,7027,0.6101694915254238,,0.5552128748536359
rec_default_427307149_audio_1789058314884.mp3,telugu,0.4196078431372549,0.2310437109723461,255,1121,0.4444444444444444,,0.4278894956103312
rec_audio_call_426204404_audio_1788955515816.mp3,hindi,3.6666666666666665,2.9166666666666665,3,12,1.0,,0.3355144000108344
rec_default_426108348_audio_1788948073644.mp3,malayalam,0.6666666666666666,0.2867647058823529,18,136,1.0,,0.4696533406499345
rec_default_426101552_audio_1788947595142.mp3,kannada,0.4296875,0.26832844574780057,128,682,0.7777777777777778,,0.45841150764176736
rec_audio_call_426580224_audio_1788983439239.mp3,tamil,0.6176470588235294,0.3770491803278688,68,488,0.5714285714285714,0.5,0.4017146359506444
rec_audio_call_426848640_audio_1789020645122.mp3,hindi,0.4473684210526316,0.3448275862068966,76,261,0.5714285714285714,1.0,0.3975623577986452
rec_default_425134890_audio_1788857770816.mp3,hindi,0.19656019656019655,0.12108262108262108,407,1404,0.5,1.0,0.38520437536197194
rec_audio_call_426857289_audio_1789021309748.mp3,kannada,0.8695652173913043,0.6783216783216783,23,143,1.0,,0.38265968450662885
rec_audio_call_426652927_audio_1788992127130.mp3,malayalam,0.6504424778761062,0.3100558659217877,226,1432,0.5789473684210527,0.6666666666666666,0.4469207220765432
rec_audio_call_425861520_audio_1788928521393.mp3,telugu,0.36,0.17582417582417584,50,273,0.6666666666666666,0.5,0.3822371934868039
rec_audio_call_426613454_audio_1788986291945.mp3,tamil,0.575,0.44763513513513514,120,592,0.5,0.25,0.4147520199203544
rec_default_427303915_audio_1789058082453.mp3,tamil,0.559322033898305,0.4681528662420382,59,314,0.6666666666666666,,0.39639757051089736
rec_audio_call_427013211_audio_1789032669332.mp3,malayalam,0.6268656716417911,0.3775,67,400,0.6,,0.5023803693604204
rec_audio_call_426864085_audio_1789021818783.mp3,kannada,0.5384615384615384,0.2824175824175824,182,910,0.5,,0.41358696958471686
rec_audio_call_426339629_audio_1788968889098.mp3,malayalam,0.42857142857142855,0.3054892601431981,70,419,0.0,0.6666666666666666,0.4718222911209186
rec_audio_call_427313337_audio_1789058738019.mp3,tamil,0.5,0.35,10,40,1.0,,0.34295887750557164
rec_audio_call_421223616_audio_1788491953131.mp3,tamil,0.5573770491803278,0.32085561497326204,61,374,0.2,,0.42312002844736335
rec_default_424154820_audio_1788768178955.mp3,kannada,0.8333333333333334,0.44086021505376344,18,93,1.0,0.0,0.36924080470070086
rec_audio_call_424970880_audio_1788845652480.mp3,tamil,0.5849056603773585,0.3644578313253012,53,332,0.75,0.0,0.463359637623291
rec_default_426573210_audio_1788982914417.mp3,tamil,0.7445255474452555,0.4,137,825,0.7037037037037037,0.5,0.36321596928940336
rec_audio_call_423645324_audio_1788715186440.mp3,tamil,0.5581395348837209,0.2458233890214797,129,838,0.6428571428571429,0.0,0.3840062470485855
rec_audio_call_426626261_audio_1788987652206.mp3,tamil,0.6509433962264151,0.4301587301587302,212,1260,0.5416666666666666,0.0,0.3823412107508579
rec_default_425778316_audio_1788916552817.mp3,hindi,0.3384615384615385,0.23318385650224216,65,223,0.0,0.75,0.39222492851532853
rec_audio_call_426020111_audio_1788941616667.mp3,telugu,0.3561643835616438,0.23224043715846995,73,366,0.8333333333333334,0.6666666666666666,0.4864303716383261
rec_default_426202313_audio_1788955333217.mp3,hindi,6.726190476190476,3.7508196721311475,84,305,0.5,,0.9158427970422737
rec_audio_call_426306233_audio_1788965543370.mp3,kannada,0.693069306930693,0.41682242990654206,101,535,0.5,1.0,0.49017508451452746
rec_default_426603278_audio_1788985350942.mp3,kannada,0.5747126436781609,0.3138020833333333,435,2304,0.65625,1.0,0.4278632669134225
rec_audio_call_426014372_audio_1788941177871.mp3,telugu,0.55,0.30622489959839355,380,1992,0.5918367346938775,0.3333333333333333,0.37848754758867326
rec_audio_call_423629370_audio_1788714233340.mp3,hindi,0.244568590937306,0.17899269799662984,1611,5341,0.7469879518072289,0.0,0.3977143595641502
rec_audio_call_426882947_audio_1789023209263.mp3,kannada,0.2222222222222222,0.17142857142857143,9,35,0.5,,0.3461199285579925
rec_audio_call_426540516_audio_1788980804355.mp3,kannada,0.62,0.24302788844621515,50,251,0.5,1.0,0.3933954004526388
rec_audio_call_426107984_audio_1788948053829.mp3,hindi,0.2647058823529412,0.11320754716981132,34,106,0.75,,0.36515596721553456
rec_audio_call_427306380_audio_1789058253191.mp3,telugu,0.5714285714285714,0.25268817204301075,35,186,0.3333333333333333,0.0,0.42396232898829533
rec_default_426107316_audio_1788948009635.mp3,hindi,0.2,0.06666666666666667,10,30,0.3333333333333333,,0.41303229319565504
rec_default_426633368_audio_1788988531170.mp3,tamil,0.6966292134831461,0.47689075630252103,89,476,0.6,0.3333333333333333,0.39579548865885883
rec_audio_call_424867062_audio_1788834834877.mp3,hindi,0.35359116022099446,0.25,181,680,0.7333333333333333,1.0,0.37377160507370416
rec_default_426593829_audio_1788984553610.mp3,hindi,0.2327790973871734,0.15629322268326418,421,1446,0.5555555555555556,1.0,0.4292322905522026
rec_audio_call_427305950_audio_1789058224627.mp3,telugu,0.26785714285714285,0.13532513181019332,112,569,0.5714285714285714,,0.36520286734548313
rec_default_427314573_audio_1789058813038.mp3,tamil,0.5163934426229508,0.2759124087591241,122,685,0.36363636363636365,,0.38562407124263065
rec_audio_call_426101059_audio_1788947560284.mp3,hindi,0.2194616977225673,0.15092592592592594,966,3240,0.6829268292682927,,0.40489234864365675
rec_default_425939252_audio_1788935280682.mp3,malayalam,0.4,0.1857707509881423,560,3795,0.7894736842105263,1.0,0.46715905218229264
rec_audio_call_424416192_audio_1788788125311.mp3,tamil,0.6012084592145015,0.29164785553047406,331,2215,0.625,,0.479104774868206
rec_default_427030481_audio_1789033781981.mp3,malayalam,0.5294117647058824,0.26021505376344084,68,465,0.6666666666666666,,0.41662699343935455
rec_audio_call_425915592_audio_1788933460694.mp3,malayalam,0.5084745762711864,0.2623376623376623,177,1155,0.631578947368421,,0.4089742756159355
rec_audio_call_421071310_audio_1788465787061.mp3,hindi,0.26763990267639903,0.205422314911366,822,2877,0.8461538461538461,0.0,0.39308486327642506
rec_audio_call_424378148_audio_1788784557326.mp3,tamil,0.4945054945054945,0.2718808193668529,182,1074,0.4166666666666667,,0.45317821887412935
rec_audio_call_420632008_audio_1788432977108.mp3,tamil,0.5214180206794683,0.19846974263853467,677,4313,0.7884615384615384,,0.4453588143781754
rec_audio_call_426202958_audio_1788955393853.mp3,hindi,0.4895833333333333,0.4012539184952978,96,319,0.45454545454545453,,0.3623663054867057
rec_audio_call_427305578_audio_1789058200155.mp3,tamil,0.5555555555555556,0.208955223880597,9,67,0.0,,0.35286332946346055
rec_default_426126833_audio_1788949400904.mp3,hindi,0.3888888888888889,0.2518518518518518,36,135,0.6666666666666666,1.0,0.4405658523966881
rec_default_426864020_audio_1789021816720.mp3,kannada,0.5555555555555556,0.30809859154929575,99,568,0.6666666666666666,,0.39209306235691305
rec_default_420511327_audio_1788424417781.mp3,kannada,0.6104783599088838,0.3326244151424926,439,2351,0.6153846153846154,1.0,0.41409651802392394
rec_audio_call_424397178_audio_1788786285103.mp3,kannada,0.5714285714285714,0.3076923076923077,49,286,0.6666666666666666,,1.0690782690828653
rec_audio_call_425655492_audio_1788895962923.mp3,hindi,0.5164319248826291,0.4251748251748252,213,715,0.75,0.5,0.3704686381409302
rec_default_423887482_audio_1788735128862.mp3,hindi,0.3781818181818182,0.2849740932642487,275,965,0.7777777777777778,1.0,0.36272356901472874
rec_audio_call_426099993_audio_1788947488901.mp3,hindi,0.2830687830687831,0.16537867078825347,378,1294,0.4642857142857143,,0.37533643123014593
rec_audio_call_426189476_audio_1788954198708.mp3,malayalam,0.5355191256830601,0.26339161809603107,549,3603,0.5217391304347826,,0.4207554961920901
rec_default_424793843_audio_1788817690775.mp3,hindi,0.3333333333333333,0.24630541871921183,123,406,0.7692307692307693,0.5,0.3831895133974508
rec_default_426662883_audio_1788994670065.mp3,tamil,0.8631578947368421,0.5303308823529411,190,1088,0.7,0.0,0.37417563295891415
rec_default_426865726_audio_1789021930759.mp3,kannada,0.6796875,0.3914327917282127,128,677,0.8181818181818182,,0.36900031708508485
rec_audio_call_426030765_audio_1788942418731.mp3,telugu,0.584,0.351937984496124,125,645,0.3333333333333333,0.5,0.45761702990917585
rec_default_423104500_audio_1788669374178.mp3,tamil,0.8625954198473282,0.4658385093167702,131,805,0.896551724137931,0.5,0.3686151156556152
rec_audio_call_427312372_audio_1789058676733.mp3,tamil,0.669260700389105,0.3915181315304241,257,1627,0.5161290322580645,0.0,0.3680386068507465
rec_default_427306227_audio_1789058240999.mp3,telugu,0.5517241379310345,0.2857142857142857,145,763,0.5333333333333333,1.0,0.40594588649568225
rec_audio_call_426299827_audio_1788964873398.mp3,telugu,0.5671641791044776,0.39455095862764883,201,991,0.6666666666666666,0.4,0.36619629377234636
rec_audio_call_426865756_audio_1789021933370.mp3,kannada,1.8144329896907216,1.2191780821917808,97,511,0.6666666666666666,,0.6830228471602194
rec_audio_call_425749256_audio_1788908432017.mp3,hindi,0.2558139534883721,0.1258741258741259,43,143,1.0,0.0,0.3874239608337755
rec_default_426656120_audio_1788992939200.mp3,malayalam,0.539906103286385,0.27580772261623326,213,1269,0.47619047619047616,0.5,0.4164809924952906
rec_audio_call_424798751_audio_1788818609448.mp3,hindi,0.29365079365079366,0.2013888888888889,126,432,0.6666666666666666,0.5,0.3721396830240061
rec_default_420147298_audio_1788380486702.mp3,hindi,0.18682505399568033,0.11627906976744186,926,3053,0.7027027027027027,1.0,0.42471947879095795
rec_default_426864666_audio_1789021861790.mp3,kannada,0.3287671232876712,0.13602015113350127,73,397,0.8,,0.4373002568976396
rec_audio_call_421835569_audio_1788543699379.mp3,hindi,0.4339622641509434,0.32142857142857145,53,196,0.625,,0.34098481285276855
rec_audio_call_420847903_audio_1788453013104.mp3,tamil,0.5796178343949044,0.2902530963920302,942,5571,0.6363636363636364,0.6,0.4274719432477396
rec_audio_call_392643395_audio_1785861202288.mp3,hindi,0.3497615262321145,0.2510948905109489,629,2055,0.5471698113207547,0.5,0.3631219098632567
rec_default_424687669_audio_1788807599801.mp3,kannada,0.9882352941176471,0.6363636363636364,255,1320,0.5882352941176471,0.2,0.5715042109766681
rec_audio_call_426035272_audio_1788942782972.mp3,telugu,0.35714285714285715,0.20503597122302158,56,278,0.6,1.0,0.4197943094381051
rec_audio_call_426339758_audio_1788968901990.mp3,telugu,0.31521739130434784,0.1637029288702929,368,1912,0.4838709677419355,1.0,0.3983262355941236
rec_audio_call_426655931_audio_1788992894349.mp3,malayalam,0.43125,0.2711864406779661,160,826,0.5882352941176471,1.0,0.3975203925089534
rec_audio_call_425147890_audio_1788858642964.mp3,hindi,0.5063291139240507,0.36363636363636365,79,286,0.6,0.5,0.4192507670517016
rec_default_427307000_audio_1789058300924.mp3,telugu,0.6,0.35526315789473684,15,76,0.5,,0.4547716398135392
rec_audio_call_421981200_audio_1788552638354.mp3,hindi,0.3541666666666667,0.18994413407821228,96,358,0.4444444444444444,1.0,0.36978657526295666
rec_audio_call_392607690_audio_1785858500937.mp3,hindi,0.058823529411764705,0.0398406374501992,136,502,0.4444444444444444,1.0,0.3968259032242915
rec_audio_call_426665213_audio_1788995377531.mp3,telugu,0.5944055944055944,0.39147286821705424,143,774,0.7272727272727273,0.0,0.44575648912830196
rec_default_427306761_audio_1789058282525.mp3,telugu,0.5714285714285714,0.2323943661971831,49,284,0.8235294117647058,1.0,0.3403100357571592
rec_audio_call_426202822_audio_1788955375114.mp3,hindi,0.35625,0.19827586206896552,160,580,0.5714285714285714,,0.3652457636223834
rec_default_425396309_audio_1788879180076.mp3,hindi,0.5568181818181818,0.45364238410596025,88,302,0.5,1.0,0.3661568143871249
rec_audio_call_425360795_audio_1788875574199.mp3,malayalam,0.48497854077253216,0.19382716049382717,233,1620,0.6666666666666666,,0.4508219325563264
rec_audio_call_426864718_audio_1789021861946.mp3,kannada,0.9545454545454546,0.4260869565217391,22,115,1.0,,0.49344078573214084
rec_default_427012373_audio_1789032615035.mp3,hindi,0.8378378378378378,0.7767857142857143,37,112,0.0,,0.378614417446959
rec_default_425942168_audio_1788935504071.mp3,kannada,0.5291479820627802,0.26756756756756755,223,1110,0.41379310344827586,0.75,0.36702011719269234
rec_default_427305871_audio_1789058217561.mp3,telugu,0.3826086956521739,0.20065789473684212,115,608,0.4166666666666667,,0.39751524322357146
rec_default_426610860_audio_1788986032726.mp3,malayalam,1.0930232558139534,0.7236842105263158,43,228,0.625,0.0,0.4261854550839983
rec_default_426642159_audio_1788989918579.mp3,telugu,0.7123287671232876,0.46328437917222964,146,749,0.35294117647058826,0.3333333333333333,0.40783774127703115
rec_default_426855984_audio_1789021209994.mp3,kannada,0.44768856447688565,0.16624472573839663,411,2370,0.7714285714285715,,0.4323868094977525
rec_default_427012375_audio_1789032614721.mp3,malayalam,0.5666666666666667,0.44493392070484583,30,227,0.25,0.0,0.41168803913010327
rec_default_426848544_audio_1789020636084.mp3,telugu,0.49830508474576274,0.231044776119403,295,1675,0.5,0.0,0.424959195181564
rec_default_421661435_audio_1788529081993.mp3,hindi,0.4050632911392405,0.2838983050847458,79,236,0.7142857142857143,1.0,0.345663554054459
rec_audio_call_427311569_audio_1789058616356.mp3,hindi,0.6,0.3,5,20,1.0,,0.3955841216330231
rec_default_426480223_audio_1788977664177.mp3,malayalam,0.45695364238410596,0.24703344120819848,151,927,0.3333333333333333,0.5,0.4231313601345655
rec_default_426657127_audio_1788993186310.mp3,malayalam,0.45454545454545453,0.1884272997032641,99,674,0.625,1.0,0.454695748118393
rec_audio_call_427304995_audio_1789058153813.mp3,tamil,15.666666666666666,22.408163265306122,9,49,0.9,,0.5132381253491092
rec_audio_call_423101838_audio_1788669053059.mp3,telugu,0.3157894736842105,0.2255892255892256,57,297,0.5,1.0,0.3916086541141733
rec_audio_call_423610988_audio_1788712982461.mp3,hindi,0.7096774193548387,0.5686274509803921,31,102,0.6666666666666666,1.0,0.45985538961279593
rec_default_425141339_audio_1788858189163.mp3,hindi,0.3185011709601874,0.24343506032647266,427,1409,0.5555555555555556,0.7777777777777778,0.365496770017207
rec_audio_call_424355050_audio_1788782425826.mp3,kannada,0.4235294117647059,0.21300448430493274,170,892,0.5333333333333333,0.4,0.397445479912331
rec_audio_call_426628134_audio_1788987862205.mp3,kannada,0.6128170894526035,0.30526315789473685,749,3705,0.6966292134831461,0.4,0.3817884506890938
rec_audio_call_427038731_audio_1789034322684.mp3,malayalam,0.5652173913043478,0.30625,23,160,0.6666666666666666,,0.41314471489146193
rec_default_424950341_audio_1788843964859.mp3,tamil,0.463855421686747,0.22722513089005236,166,955,0.42857142857142855,0.0,0.4270569859374828
rec_default_425912424_audio_1788933213081.mp3,telugu,0.688622754491018,0.488456865127582,167,823,0.6818181818181818,0.3333333333333333,0.38321209235708076
rec_default_427307746_audio_1789058356862.mp3,tamil,0.7808219178082192,0.5701943844492441,73,463,0.2727272727272727,0.0,0.3829560958367532
rec_audio_call_426596251_audio_1788984756063.mp3,hindi,0.208955223880597,0.1891891891891892,67,222,0.6666666666666666,1.0,0.4090827694969944
rec_audio_call_426303042_audio_1788965197636.mp3,malayalam,0.4858490566037736,0.2054794520547945,848,5621,0.6595744680851063,0.0,0.488400718498511
rec_audio_call_426655391_audio_1788992749491.mp3,telugu,0.7593984962406015,0.5798045602605864,133,614,0.29411764705882354,1.0,0.3635487807295301
rec_audio_call_426848355_audio_1789020625114.mp3,hindi,0.5833333333333334,0.24369747899159663,36,119,0.8333333333333334,0.0,0.34779355671569323
rec_audio_call_427012298_audio_1789032612558.mp3,malayalam,0.48344370860927155,0.2891566265060241,151,913,0.23076923076923078,,0.3865932339015688
rec_default_426108689_audio_1788948098669.mp3,malayalam,3.066666666666667,6.209302325581396,15,86,0.5,,0.4966568022979508
rec_default_421888258_audio_1788546625741.mp3,hindi,3.0714285714285716,2.0,14,65,0.0,0.0,0.46502527652861153
rec_default_426226216_audio_1788957468242.mp3,telugu,0.34615384615384615,0.17465753424657535,52,292,0.75,1.0,0.4973136633123275
rec_audio_call_426107995_audio_1788948050780.mp3,hindi,0.1,0.08974358974358974,20,78,0.8,,0.3355119780757235
rec_default_426100823_audio_1788947551748.mp3,hindi,0.3488372093023256,0.2986111111111111,43,144,0.6666666666666666,,0.4175187248321403
rec_default_424880310_audio_1788836667926.mp3,hindi,0.8432601880877743,0.8134810710987996,319,1083,0.7954545454545454,0.625,0.36725884711906354
rec_audio_call_427305933_audio_1789058224440.mp3,telugu,0.5544973544973545,0.3440357218796513,945,4703,0.5955056179775281,0.0,0.4017044545512525
rec_audio_call_426322019_audio_1788967195267.mp3,malayalam,0.582089552238806,0.38313253012048193,67,415,0.5,0.0,0.3796474768411511
rec_audio_call_426604675_audio_1788985474412.mp3,tamil,0.6451612903225806,0.5,93,472,0.4444444444444444,0.0,0.4183283428417092
rec_default_427312501_audio_1789058683465.mp3,tamil,6.5,7.1,2,10,1.0,,0.4458636212009384
rec_audio_call_426151853_audio_1788951260489.mp3,telugu,0.40421792618629176,0.1917786808377618,1138,6398,0.7777777777777778,1.0,0.4210293809537655
rec_audio_call_426100503_audio_1788947524083.mp3,kannada,0.7297297297297297,0.4182692307692308,37,208,0.3333333333333333,,0.3841823526508338
rec_default_426636424_audio_1788988982930.mp3,kannada,0.6987951807228916,0.4491017964071856,249,1336,0.4642857142857143,0.2,0.39598719598723786
rec_audio_call_427029817_audio_1789033741551.mp3,hindi,0.375,0.26666666666666666,8,30,0.3333333333333333,,0.4141355796253219
rec_default_426548691_audio_1788981313336.mp3,kannada,0.5483870967741935,0.33579335793357934,62,271,0.2,0.5,0.41668910957610267
rec_default_427302623_audio_1789057989394.mp3,tamil,0.5135135135135135,0.28440366972477066,37,218,0.4,,0.41810571779639233
rec_audio_call_426848290_audio_1789020619592.mp3,hindi,0.35714285714285715,0.30158730158730157,56,189,0.8333333333333334,1.0,0.3658711172534838
rec_default_403690174_audio_1786828494349.mp3,telugu,1.0,0.7027027027027027,13,74,0.3333333333333333,,0.39659633222229973
rec_audio_call_427316431_audio_1789058946312.mp3,tamil,0.8974358974358975,0.5474137931034483,39,232,0.8,,0.3341348431812059
rec_audio_call_426848943_audio_1789020668404.mp3,hindi,0.52,0.3611111111111111,50,180,0.6153846153846154,,0.33874737371526487
rec_audio_call_427307162_audio_1789058316356.mp3,telugu,0.42857142857142855,0.23600439077936333,350,1822,0.6071428571428571,1.0,0.3645972755653438
rec_default_426432272_audio_1788975283995.mp3,kannada,0.43333333333333335,0.2340153452685422,150,782,0.2,0.0,0.4466503742742779
rec_default_426583408_audio_1788983706194.mp3,kannada,0.4744429882044561,0.2212895377128954,1526,8220,0.6595744680851063,0.0,0.46149092323986024
rec_audio_call_426658746_audio_1788993588302.mp3,malayalam,0.3617021276595745,0.22302158273381295,47,278,0.3333333333333333,0.5,0.4591974712442813
rec_audio_call_426864613_audio_1789021855826.mp3,kannada,0.625,0.4014184397163121,144,705,0.6111111111111112,,0.3921302514931018
rec_default_419887388_audio_1788364981482.mp3,hindi,0.24040920716112532,0.14180206794682423,391,1354,0.8095238095238095,,0.40299617907640634
rec_default_426865848_audio_1789021942575.mp3,kannada,0.39748953974895396,0.15237366003062788,239,1306,0.6666666666666666,,0.4511927569314053
rec_audio_call_426313681_audio_1788966303052.mp3,telugu,0.4067796610169492,0.23660714285714285,118,672,0.6,0.6,0.4120081800136666
rec_audio_call_426202468_audio_1788955343920.mp3,hindi,0.4140625,0.30697674418604654,128,430,0.6666666666666666,,0.3962908788565022
rec_audio_call_425748748_audio_1788908276475.mp3,hindi,0.2689075630252101,0.19599109131403117,119,449,0.42857142857142855,0.0,0.4072714455355609
rec_default_425971422_audio_1788937802743.mp3,malayalam,0.517948717948718,0.23932820153953813,195,1429,0.5263157894736842,0.0,0.43252276053128
rec_default_426597928_audio_1788984899162.mp3,tamil,0.4711388455538221,0.20834447713292323,641,3739,0.6444444444444445,0.3333333333333333,0.44806839385448294
rec_audio_call_426201848_audio_1788955284435.mp3,hindi,0.4602272727272727,0.3338762214983713,176,614,0.6363636363636364,0.0,0.4025219134260988
rec_default_426538743_audio_1788980705149.mp3,kannada,0.5235521235521235,0.23380342186269598,2590,13969,0.6939890710382514,0.3333333333333333,0.4507416097741104
rec_default_426573512_audio_1788982942725.mp3,malayalam,2.515625,1.3337783711615487,128,749,0.5,1.0,0.5774679802478973
rec_audio_call_426664916_audio_1788995286548.mp3,malayalam,0.4306864064602961,0.21486718080548414,743,4668,0.765625,1.0,0.42811369360596935
rec_audio_call_424610503_audio_1788803501320.mp3,hindi,0.3055555555555556,0.24452554744525548,72,274,0.6,0.6666666666666666,0.42558125113256007
rec_default_427038996_audio_1789034340803.mp3,malayalam,1.1666666666666667,0.6111111111111112,6,36,0.0,,0.31590884287685234
rec_default_427305556_audio_1789058198302.mp3,hindi,3.3333333333333335,1.9166666666666667,3,12,1.0,,0.39312663175849194
rec_audio_call_426849843_audio_1789020732404.mp3,hindi,0.17914586799778148,0.09583673469387755,1803,6125,0.8153846153846154,,0.43435456202234146
rec_audio_call_426204463_audio_1788955521517.mp3,hindi,0.2915601023017903,0.1850187265917603,391,1335,0.5217391304347826,,0.39050905757152765
rec_audio_call_426850383_audio_1789020772255.mp3,hindi,1.2,0.55,5,20,1.0,,0.3883031854845048
rec_audio_call_426664156_audio_1788995059123.mp3,telugu,0.3885180240320427,0.2155150910451484,749,4009,0.5272727272727272,1.0,0.41002248595822527
rec_audio_call_425117061_audio_1788856492050.mp3,kannada,0.654054054054054,0.40807651434643993,185,941,0.1875,1.0,0.416124060029164
rec_audio_call_425933838_audio_1788934868635.mp3,hindi,0.4107142857142857,0.30782459157351677,336,1163,0.4782608695652174,1.0,0.362389927474011
rec_audio_call_426851323_audio_1789020846081.mp3,hindi,0.7619047619047619,0.524390243902439,21,82,0.8888888888888888,,0.33930995856371365
rec_audio_call_421677953_audio_1788530753328.mp3,hindi,0.2777777777777778,0.13178294573643412,36,129,1.0,1.0,0.3775481040183768
rec_audio_call_425205242_audio_1788862499869.mp3,malayalam,0.3507853403141361,0.20125786163522014,191,954,0.5384615384615384,0.6666666666666666,0.4340751314543039
rec_audio_call_419965552_audio_1788369990564.mp3,hindi,0.5303030303030303,0.2803347280334728,66,239,0.5,,0.41314682092351146
rec_default_426107744_audio_1788948040810.mp3,hindi,0.28205128205128205,0.1532639545884579,312,1057,0.42857142857142855,,0.37118824147306206
rec_audio_call_425679391_audio_1788897730000.mp3,hindi,0.6153846153846154,0.4618320610687023,130,524,0.5625,0.3333333333333333,0.353581219285707
rec_audio_call_426641906_audio_1788989875034.mp3,telugu,0.36637931034482757,0.21120689655172414,232,1160,0.7333333333333333,0.6666666666666666,0.388960457676116
rec_default_426377718_audio_1788971973414.mp3,kannada,0.5254237288135594,0.2962962962962963,59,324,0.2,0.5,0.43226280385237414
rec_default_426604065_audio_1788985417369.mp3,malayalam,0.7777777777777778,0.5958702064896755,54,339,0.8,0.0,0.3904541731331094
rec_default_426857244_audio_1789021306090.mp3,telugu,0.5588235294117647,0.3313373253493014,102,501,0.1111111111111111,,0.4226190984211935
rec_audio_call_426195960_audio_1788954780321.mp3,telugu,0.4444444444444444,0.32,9,50,0.5,,0.34664785930946046
rec_default_426252346_audio_1788960080824.mp3,telugu,0.39168110918544197,0.2198952879581152,577,3056,0.6595744680851063,0.3333333333333333,0.4155304218452007
rec_audio_call_426848440_audio_1789020630279.mp3,hindi,0.42857142857142855,0.25688073394495414,35,109,0.8,,0.3791987144529991
rec_audio_call_420511856_audio_1788424457087.mp3,tamil,0.6215139442231076,0.2812299807815503,251,1561,0.5882352941176471,,0.4502218986726934
rec_default_426865205_audio_1789021894193.mp3,kannada,1.3076923076923077,0.8475609756097561,26,164,0.6666666666666666,,0.4013734697316874
rec_audio_call_427305426_audio_1789058184851.mp3,tamil,1.0,0.43333333333333335,5,30,1.0,,0.4906743011135875
rec_audio_call_427306773_audio_1789058284652.mp3,telugu,0.41818181818181815,0.2899628252788104,55,269,0.25,,0.44138701909311334
rec_audio_call_425981754_audio_1788938608293.mp3,kannada,0.6436781609195402,0.3613053613053613,174,858,0.7,0.3333333333333333,0.4740086296760977
rec_default_426864282_audio_1789021827994.mp3,kannada,0.5818181818181818,0.2912723449001052,165,951,0.38461538461538464,,0.4385362621476077
rec_audio_call_426856109_audio_1789021226515.mp3,kannada,0.6111111111111112,0.49122807017543857,18,114,0.75,,0.3369843561861172
rec_default_425627452_audio_1788894258639.mp3,hindi,1.0,0.6111111111111112,12,36,0.6666666666666666,,0.37807238788358194
rec_audio_call_425905294_audio_1788932619839.mp3,telugu,0.45454545454545453,0.27722772277227725,55,303,0.8181818181818182,1.0,0.34578926011871436
rec_default_426850375_audio_1789020775029.mp3,malayalam,0.1111111111111111,0.022727272727272728,9,44,0.0,,0.4097763001905997
rec_default_426591403_audio_1788984361913.mp3,malayalam,0.8823529411764706,0.608433734939759,51,332,0.6,0.0,0.3889312040298849
rec_default_426204318_audio_1788955517179.mp3,hindi,2.448717948717949,1.5180722891566265,78,249,0.625,,0.42893791319968494
rec_default_423219318_audio_1788679354453.mp3,malayalam,0.6635859519408502,0.46990116801437554,541,3339,0.0,,0.43615394231924565
rec_default_426883317_audio_1789023235707.mp3,kannada,0.5263157894736842,0.3048780487804878,19,82,0.0,,0.4840531100215985
rec_default_426639345_audio_1788989459421.mp3,telugu,0.7948717948717948,0.495114006514658,117,614,0.45454545454545453,0.0,0.39951412756843396
rec_audio_call_426127729_audio_1788949472560.mp3,telugu,0.4,0.2874015748031496,50,254,0.3333333333333333,0.0,0.39418958697677575
rec_default_426634262_audio_1788988662985.mp3,tamil,0.7435897435897436,0.582089552238806,39,201,0.0,0.0,0.39823318895942567
rec_default_426636576_audio_1788989005279.mp3,kannada,0.3028972783143108,0.15871451104100948,1139,5072,0.6724137931034483,,0.49938853256633886
rec_audio_call_426570103_audio_1788982695863.mp3,tamil,0.8445378151260504,0.55667941285309,2142,8107,0.7049180327868853,0.125,0.3720902370344699
rec_default_426076857_audio_1788945867967.mp3,tamil,0.4255952380952381,0.1450419338924519,672,4054,0.725,,0.45261099398751686
rec_audio_call_426355800_audio_1788970288176.mp3,telugu,0.23563218390804597,0.07390817469204927,174,893,0.8,0.6666666666666666,0.44796457205828355
rec_audio_call_425207957_audio_1788862678382.mp3,tamil,0.8244897959183674,0.5417590539541759,245,1353,0.6842105263157895,0.0,0.4108537438557463
rec_default_426667318_audio_1788995960432.mp3,malayalam,1.1222222222222222,0.800376647834275,90,531,0.5,0.0,0.4395180320427266
rec_default_426108828_audio_1788948111282.mp3,hindi,0.37333333333333335,0.23868312757201646,75,243,0.6,1.0,0.363222048873198
rec_audio_call_426372327_audio_1788971567973.mp3,tamil,0.5490196078431373,0.2571912013536379,102,591,0.5714285714285714,0.3333333333333333,0.42852098056326615
rec_audio_call_426194933_audio_1788954682604.mp3,hindi,0.189419795221843,0.10746268656716418,586,2010,0.7391304347826086,1.0,0.42549144149014323
rec_audio_call_424735559_audio_1788811052808.mp3,hindi,0.41818181818181815,0.3177083333333333,55,192,0.3333333333333333,,0.45901815055698186
rec_default_420599099_audio_1788430532077.mp3,hindi,0.20556745182012848,0.10888610763454318,467,1598,0.6666666666666666,,0.40958903543882985
rec_audio_call_426855757_audio_1789021187400.mp3,kannada,,,0,0,0.0,,1.554230032784269
rec_audio_call_426866100_audio_1789021962100.mp3,kannada,0.5,0.1391304347826087,62,345,0.5,,0.3929339176164031
rec_default_426631751_audio_1788988322014.mp3,kannada,0.5307262569832403,0.25516528925619836,179,968,0.5,0.6666666666666666,0.4152440722679321
rec_audio_call_425591249_audio_1788892319841.mp3,kannada,0.5490196078431373,0.28351836037574724,204,1171,0.35294117647058826,,0.4323480810644867
rec_audio_call_426195125_audio_1788954700286.mp3,hindi,0.24161073825503357,0.1453050034270048,447,1459,0.5882352941176471,,0.4398988890287782
rec_audio_call_425348262_audio_1788874390379.mp3,malayalam,0.45884413309982486,0.23251659009698825,571,3918,0.8461538461538461,,0.45440410370963275
rec_audio_call_421997101_audio_1788553909604.mp3,hindi,0.4009433962264151,0.3171044202434337,424,1561,0.6,0.75,0.3612855424781769
rec_audio_call_426601291_audio_1788985175536.mp3,tamil,0.6507936507936508,0.3837837837837838,63,370,0.6666666666666666,0.0,0.502373237111305
rec_audio_call_426634717_audio_1788988729707.mp3,tamil,0.6102941176470589,0.38734177215189874,136,790,0.5454545454545454,0.4,0.4046790185136748
rec_default_426582734_audio_1788983647126.mp3,telugu,0.4804804804804805,0.27593880389429765,666,3595,0.6923076923076923,1.0,0.38688510397193465
rec_audio_call_425656293_audio_1788896013602.mp3,hindi,0.39080459770114945,0.34185303514376997,87,313,0.6666666666666666,1.0,0.38596414822600217
rec_audio_call_426881695_audio_1789023110536.mp3,kannada,0.38461538461538464,0.19672131147540983,13,61,1.0,,0.41615708105871424
rec_audio_call_427307087_audio_1789058314132.mp3,telugu,0.48525469168900803,0.27792275574112735,746,3832,0.6056338028169014,1.0,0.39350499243394743
rec_audio_call_423872491_audio_1788731676125.mp3,hindi,0.3291139240506329,0.18503937007874016,79,254,1.0,0.0,0.4151707232202483
rec_default_427307153_audio_1789058314255.mp3,telugu,0.4349775784753363,0.23402489626556017,223,1205,0.4117647058823529,,0.40078041599612624
rec_audio_call_426185479_audio_1788953866828.mp3,telugu,0.2872340425531915,0.12050534499514091,188,1029,0.47058823529411764,1.0,0.39601010828540867
rec_audio_call_426646095_audio_1788990649220.mp3,telugu,0.43790849673202614,0.20493827160493827,153,810,0.38461538461538464,0.5,0.41827965035325715
rec_audio_call_426203219_audio_1788955405537.mp3,hindi,0.23529411764705882,0.1744186046511628,51,172,0.5,,0.3904512609112509
rec_default_426610557_audio_1788986010552.mp3,hindi,3.0,2.75,5,20,0.6666666666666666,,0.367554177037045
rec_default_423505352_audio_1788703352920.mp3,malayalam,0.5307262569832403,0.24663677130044842,179,1115,0.5882352941176471,0.0,0.39811456747654694
rec_audio_call_425656431_audio_1788896027178.mp3,hindi,0.2905982905982906,0.23160762942779292,117,367,0.6,1.0,0.41173578665294086
rec_audio_call_427316125_audio_1789058922687.mp3,tamil,0.5925925925925926,0.3485342019543974,54,307,0.6666666666666666,,0.4846728504290223
rec_audio_call_426108129_audio_1788948057694.mp3,hindi,0.23684210526315788,0.10833333333333334,76,240,0.6,,0.39093980966164094
rec_audio_call_426669176_audio_1788996452632.mp3,telugu,0.43478260869565216,0.22580645161290322,23,124,0.5,1.0,0.5049239300190069
rec_default_427306937_audio_1789058296620.mp3,telugu,0.6388888888888888,0.4106280193236715,72,414,0.5454545454545454,,0.37481470097288366
rec_audio_call_403544174_audio_1786818489013.mp3,kannada,0.6174863387978142,0.26814516129032256,183,992,0.5555555555555556,,0.4222992119915593
rec_audio_call_427314953_audio_1789058839016.mp3,hindi,1.6,1.1428571428571428,10,42,1.0,,0.35290698155967526
rec_default_421961206_audio_1788551169146.mp3,tamil,1.5,1.2583333333333333,26,120,0.8888888888888888,0.0,0.35739812814148925
rec_audio_call_426851856_audio_1789020892000.mp3,hindi,0.2862190812720848,0.1532994923857868,283,985,0.7619047619047619,,0.35193993266250817
rec_audio_call_424557037_audio_1788800497337.mp3,tamil,0.4074074074074074,0.19327731092436976,162,833,0.5,0.6666666666666666,0.5793255322881762
rec_audio_call_426647851_audio_1788991002681.mp3,telugu,0.46752058554437326,0.2985670233992382,1093,5513,0.7078651685393258,0.0,0.39805745216615895
rec_default_426195344_audio_1788954727902.mp3,hindi,0.17391304347826086,0.09032258064516129,46,155,0.75,,0.4049194852228628
rec_default_426534420_audio_1788980458455.mp3,telugu,0.2857142857142857,0.1509433962264151,28,159,0.3333333333333333,0.3333333333333333,0.4391246346340744
rec_default_424610958_audio_1788803526314.mp3,kannada,0.5592105263157895,0.23095823095823095,304,1628,0.6774193548387096,0.5,0.4116753497829697
rec_default_426863933_audio_1789021808134.mp3,kannada,0.4782608695652174,0.14285714285714285,23,133,1.0,,0.39771506091479025
rec_audio_call_424435289_audio_1788789932957.mp3,kannada,0.42452107279693485,0.1670335718216841,2610,14536,0.7277777777777777,,0.44717756449360313
rec_audio_call_426847860_audio_1789020585952.mp3,hindi,0.3627450980392157,0.24169184290030213,102,331,0.5714285714285714,,0.3799222184901962
rec_audio_call_425730841_audio_1788903925979.mp3,hindi,0.13157894736842105,0.07936507936507936,38,126,0.0,1.0,0.4704687321532
rec_audio_call_427305579_audio_1789058197575.mp3,tamil,1.0,1.0,3,15,1.0,,0.4618179813472861
rec_audio_call_425713085_audio_1788901236624.mp3,hindi,0.39285714285714285,0.27461139896373055,56,193,0.5,0.6666666666666666,0.41063478856902197
rec_audio_call_392603926_audio_1785858184285.mp3,hindi,0.2727272727272727,0.17105263157894737,110,380,0.3333333333333333,1.0,0.40122861852621194
rec_default_423324272_audio_1788687697269.mp3,kannada,0.4699248120300752,0.19309262166405022,266,1274,0.2608695652173913,,0.4461286859376337
rec_audio_call_427307036_audio_1789058302393.mp3,telugu,0.7368421052631579,0.5673076923076923,19,104,0.5,,0.3950763864075298
rec_default_426649926_audio_1788991429022.mp3,kannada,1.4545454545454546,1.3529411764705883,22,102,0.2,0.6666666666666666,0.3847312992574284
rec_default_426593601_audio_1788984536403.mp3,tamil,0.5914634146341463,0.329938900203666,164,982,0.5,0.0,0.39821643065822176
rec_audio_call_421566156_audio_1788520297969.mp3,tamil,0.5490196078431373,0.21671826625386997,51,323,0.6,1.0,0.409327597652936
rec_default_426600174_audio_1788985087863.mp3,malayalam,0.5532646048109966,0.34972677595628415,291,2013,0.5,,0.43840394235904534
rec_default_427000374_audio_1789031836869.mp3,malayalam,15.5,2.0,12,101,0.8,,0.45700772565449166
rec_audio_call_426104039_audio_1788947773748.mp3,tamil,0.5230263157894737,0.25861126298523784,304,1829,0.6190476190476191,,0.4274710899195595
rec_default_421372353_audio_1788505796052.mp3,tamil,0.5925925925925926,0.30409872190392245,1080,6807,0.6986301369863014,,0.4478333626468029
rec_audio_call_426848321_audio_1789020622237.mp3,hindi,0.21978021978021978,0.13181019332161686,182,569,0.6363636363636364,,0.3877710355596754
rec_audio_call_425129217_audio_1788857364836.mp3,tamil,0.49233390119250425,0.2560662289466172,587,3503,0.6595744680851063,,0.4256435344586582
rec_audio_call_423591955_audio_1788711572217.mp3,hindi,0.3153153153153153,0.1218274111675127,111,394,0.6,,0.36832675760941097
rec_audio_call_426855856_audio_1789021196066.mp3,kannada,0.4794520547945205,0.2883116883116883,146,770,0.8571428571428571,,0.40453846086520967
rec_audio_call_427301394_audio_1789057897529.mp3,tamil,1.0,0.625,7,40,0.75,,0.3722848044314073
rec_audio_call_426409268_audio_1788973959169.mp3,hindi,0.2833333333333333,0.2004950495049505,120,404,0.5714285714285714,1.0,0.41157157222470214
rec_default_426848660_audio_1789020643588.mp3,hindi,0.5748792270531401,0.4222873900293255,207,682,0.717948717948718,,0.3486758770133028
rec_audio_call_426119888_audio_1788948897495.mp3,hindi,1.0,0.25,2,8,0.0,,0.3101683509532929
rec_default_426023290_audio_1788941856621.mp3,tamil,0.7567567567567568,0.384297520661157,37,242,1.0,0.0,0.44647004166346654
rec_audio_call_419508797_audio_1788334367395.mp3,hindi,0.39285714285714285,0.23863636363636365,28,88,0.3333333333333333,,0.38983594160754514
rec_default_426606195_audio_1788985611722.mp3,malayalam,0.7586206896551724,0.7400690846286702,203,1158,0.7272727272727273,0.4,0.38462647755050094
rec_audio_call_427313310_audio_1789058737356.mp3,tamil,0.667610953729934,0.32239263803680984,1059,6520,0.6923076923076923,,0.5085033188009095
rec_audio_call_426871106_audio_1789022339887.mp3,kannada,0.5331695331695332,0.2183163737280296,407,2162,0.6071428571428571,,0.4356459866310809
rec_audio_call_426259277_audio_1788960796344.mp3,telugu,0.3333333333333333,0.23229461756373937,69,353,0.0,0.5,0.4630363215467274
rec_audio_call_422128803_audio_1788577048478.mp3,malayalam,0.5415472779369628,0.25573921028466484,349,2178,0.5576923076923077,0.0,0.3649874979874083
rec_audio_call_403785250_audio_1786846993871.mp3,kannada,0.7777777777777778,0.5238095238095238,18,84,1.0,,0.3914163035878945
rec_default_426127716_audio_1788949472727.mp3,hindi,0.21621621621621623,0.16805324459234608,185,601,0.5,1.0,0.382776006581175
rec_default_403927389_audio_1786861712369.mp3,kannada,0.5874867444326617,0.3075376884422111,943,4975,0.6428571428571429,,0.45972250819192295
rec_audio_call_426576117_audio_1788983135753.mp3,kannada,0.375,0.23333333333333334,16,90,1.0,0.0,0.41382209465777253
rec_audio_call_426849624_audio_1789020718433.mp3,hindi,0.41397849462365593,0.33613445378151263,186,595,0.5882352941176471,0.0,0.3623230563999782
rec_audio_call_421768524_audio_1788539479106.mp3,hindi,0.6875,0.5737704918032787,16,61,1.0,,0.38246364278451117
rec_audio_call_425744236_audio_1788906883727.mp3,hindi,0.2811320754716981,0.18845500848896435,530,1767,0.7346938775510204,0.875,0.3659243906459484
rec_default_427038720_audio_1789034321734.mp3,hindi,1.6666666666666667,1.6666666666666667,3,12,1.0,,0.5159968939064551
rec_audio_call_427309343_audio_1789058465241.mp3,tamil,0.4,0.2,10,40,0.6666666666666666,,0.4351480873337678
rec_audio_call_426204124_audio_1788955491095.mp3,hindi,0.271356783919598,0.20088626292466766,199,677,0.2727272727272727,1.0,0.3812619301231379
rec_audio_call_426203802_audio_1788955464104.mp3,hindi,0.22321428571428573,0.16666666666666666,560,1992,0.8518518518518519,,0.41708277156356516
rec_default_426608730_audio_1788985842618.mp3,malayalam,0.5454545454545454,0.41935483870967744,11,62,0.0,,0.4540382204037032
rec_default_427308167_audio_1789058388570.mp3,tamil,0.47619047619047616,0.18794749403341288,546,3352,0.6571428571428571,,0.4622543408869534
rec_default_423958539_audio_1788751477018.mp3,hindi,0.5294117647058824,0.4161184210526316,187,608,0.5625,1.0,0.35508987081711413
rec_default_423163427_audio_1788674918154.mp3,tamil,0.6666666666666666,0.40070921985815605,48,282,0.4,0.0,0.41851135919678883
rec_audio_call_425887818_audio_1788931097237.mp3,kannada,0.5517241379310345,0.24605678233438485,58,317,0.25,0.0,0.3959227367571205
rec_audio_call_423351802_audio_1788689747483.mp3,hindi,0.26506024096385544,0.13846153846153847,83,260,0.42857142857142855,,0.3976270749115115
rec_default_427306879_audio_1789058296671.mp3,telugu,0.6101694915254238,0.39622641509433965,59,318,0.5555555555555556,0.0,0.36165833751779436
rec_audio_call_425051281_audio_1788851621695.mp3,hindi,0.9726027397260274,0.6199586349534644,511,1934,0.5813953488372093,0.25,0.38422399199520546
rec_audio_call_425691838_audio_1788898819143.mp3,hindi,0.3333333333333333,0.17216117216117216,69,273,0.4,0.6666666666666666,0.42210752521578815
rec_default_422311857_audio_1788593947270.mp3,kannada,0.5321100917431193,0.3961904761904762,109,525,0.8,0.5,0.4021594204808285
rec_audio_call_426149164_audio_1788951056501.mp3,telugu,0.41379310344827586,0.2326454033771107,116,533,0.5,0.0,0.390504262722677
rec_audio_call_427027152_audio_1789033559289.mp3,malayalam,0.3719332679097154,0.1525767226404169,1019,6908,0.6216216216216216,1.0,0.378820224093601
rec_default_425476935_audio_1788886067609.mp3,kannada,0.5921052631578947,0.24861878453038674,76,362,0.4,0.0,0.47609254487155284
rec_audio_call_427306864_audio_1789058288911.mp3,telugu,0.6363636363636364,0.39191919191919194,88,495,0.6363636363636364,,0.3636145003830091
rec_default_426565486_audio_1788982385911.mp3,malayalam,0.6557377049180327,0.3533794571580628,305,1879,0.5,0.125,0.3697202118107463
rec_default_425392837_audio_1788878842788.mp3,tamil,0.5,0.31543624161073824,56,298,0.75,0.0,0.4373632711807483
rec_audio_call_426565068_audio_1788982358963.mp3,malayalam,0.45521023765996343,0.24258443465491925,547,3405,0.65625,0.5,0.3966973797816988
rec_audio_call_424886004_audio_1788837418505.mp3,telugu,0.34934497816593885,0.16499227202472952,458,2588,0.5151515151515151,1.0,0.42679194018560207
rec_default_425908372_audio_1788932864052.mp3,telugu,0.49171270718232046,0.23201224698077905,1086,5879,0.6804123711340206,1.0,0.4000949708801421
rec_audio_call_426864592_audio_1789021851330.mp3,kannada,2.814814814814815,2.1486988847583643,54,269,0.6363636363636364,,0.5134953163687607
rec_default_426594432_audio_1788984607250.mp3,kannada,0.6875,0.4827586206896552,16,87,0.3333333333333333,0.0,0.430817027614814
rec_default_426204264_audio_1788955509025.mp3,hindi,87.0,65.5,1,4,0.0,,0.36479722291295674
rec_default_426864654_audio_1789021854639.mp3,kannada,16.5,10.289473684210526,16,76,1.0,,0.9086973921081725
rec_default_426303789_audio_1788965281521.mp3,telugu,0.3976510067114094,0.19863420427553444,596,3368,0.7608695652173914,1.0,0.4069201970808302
rec_audio_call_426127774_audio_1788949477698.mp3,hindi,0.23857868020304568,0.156227501799856,394,1389,0.375,0.0,0.4389879784597139
rec_default_423978016_audio_1788753648923.mp3,hindi,0.34306569343065696,0.2785571142284569,137,499,0.75,1.0,0.38349106501040975
rec_default_426578327_audio_1788983295448.mp3,telugu,0.49107142857142855,0.26588628762541805,112,598,0.8888888888888888,0.0,0.40871077006833595
rec_default_423662590_audio_1788716156245.mp3,malayalam,0.47848360655737704,0.23812519660270526,976,6358,0.6716417910447762,1.0,0.4450277236348561
rec_audio_call_426599617_audio_1788985040466.mp3,hindi,0.21008403361344538,0.10747663551401869,238,856,0.5833333333333334,0.75,0.4093502568742539
rec_default_426648998_audio_1788991242054.mp3,kannada,0.6307692307692307,0.4169184290030212,65,331,0.7692307692307693,0.0,0.38002075073376246
rec_audio_call_426659403_audio_1788993755666.mp3,kannada,0.6521739130434783,0.33877551020408164,46,245,0.25,0.5,0.39371630853777767
rec_default_427012589_audio_1789032630677.mp3,malayalam,0.7435897435897436,0.4358974358974359,39,273,0.0,,0.46415487979780545
rec_audio_call_422812035_audio_1788633064712.mp3,hindi,0.47572815533980584,0.27977839335180055,103,361,0.625,0.3333333333333333,0.4009470242279173
rec_audio_call_425736604_audio_1788905083156.mp3,hindi,0.42105263157894735,0.2805755395683453,38,139,0.6666666666666666,1.0,0.4016821373997134
rec_default_426669005_audio_1788996409641.mp3,malayalam,0.6333333333333333,0.5389221556886228,30,167,0.2,0.5,0.3592451631618407
rec_default_423562532_audio_1788709014492.mp3,malayalam,0.525974025974026,0.24300867888138863,154,1037,0.6363636363636364,,0.4851546908008556
rec_audio_call_426621209_audio_1788987102942.mp3,telugu,0.24,0.15492957746478872,50,284,0.5,1.0,0.3992739716606364
rec_default_426851955_audio_1789020893146.mp3,hindi,0.11764705882352941,0.09615384615384616,17,52,0.3333333333333333,,0.4000078992974911
rec_default_427305885_audio_1789058218067.mp3,telugu,0.30319148936170215,0.16824395373291273,188,951,0.6470588235294118,,0.4036134987792955
rec_audio_call_427310164_audio_1789058518972.mp3,tamil,1.0,0.5294117647058824,6,34,1.0,,0.41972957926103727
rec_audio_call_426594019_audio_1788984570393.mp3,telugu,0.3459715639810427,0.15475152571926765,422,2294,0.7241379310344828,0.0,0.42784193376034463
rec_default_421956667_audio_1788550846403.mp3,hindi,0.21311475409836064,0.11538461538461539,61,234,0.8,,0.36756785795301056
rec_audio_call_426854157_audio_1789021067058.mp3,hindi,0.29508196721311475,0.2413793103448276,61,203,0.2,,0.37229147739873464
rec_audio_call_426857427_audio_1789021321811.mp3,kannada,0.4695731153496821,0.20375020927507115,1101,5973,0.6285714285714286,1.0,0.4801030369450549
rec_default_426107989_audio_1788948054504.mp3,malayalam,0.5263157894736842,0.30434782608695654,19,115,0.6666666666666666,,0.3986970325312245
rec_default_426652242_audio_1788991956749.mp3,telugu,0.44390243902439025,0.22435282837967402,205,1043,0.5454545454545454,0.25,0.3872706100021556
rec_audio_call_425877181_audio_1788930106387.mp3,telugu,0.3235294117647059,0.16201117318435754,68,358,0.6666666666666666,0.3333333333333333,0.49520027056624927
rec_audio_call_427302258_audio_1789057958698.mp3,hindi,1.2,0.45,5,20,0.6666666666666666,,0.3360106790223777
rec_default_427305984_audio_1789058228017.mp3,telugu,0.676923076923077,0.45317220543806647,65,331,0.375,,0.39092320526594865
rec_audio_call_426279116_audio_1788962727515.mp3,telugu,0.4666666666666667,0.25176470588235295,150,850,0.5454545454545454,1.0,0.420401225101967
rec_default_427310161_audio_1789058524351.mp3,tamil,0.8571428571428571,0.5238095238095238,14,84,1.0,,0.4571048199368613
rec_audio_call_427307060_audio_1789058304926.mp3,hindi,0.8571428571428571,0.5925925925925926,7,27,0.3333333333333333,,0.34007078112765754
rec_audio_call_426864490_audio_1789021845136.mp3,kannada,0.4880952380952381,0.20991379310344827,420,2320,0.6097560975609756,,0.45608186156578523
rec_audio_call_426416419_audio_1788974369340.mp3,tamil,0.6704545454545454,0.39835728952772076,88,487,0.4444444444444444,0.4,0.4302334568193989
rec_audio_call_427305229_audio_1789058170052.mp3,tamil,0.7142857142857143,0.535377358490566,77,424,0.6,,0.43280632465888075
rec_default_422797054_audio_1788632206019.mp3,hindi,0.25396825396825395,0.1596244131455399,315,1065,0.5714285714285714,1.0,0.3795149605837929
rec_default_426853539_audio_1789021025445.mp3,hindi,0.65,0.5508474576271186,40,118,1.0,1.0,0.3686765549659183
rec_default_426408577_audio_1788973914993.mp3,telugu,0.45323741007194246,0.2403462050599201,834,4506,0.6027397260273972,0.0,0.3977650832964921
rec_default_426649193_audio_1788991280922.mp3,telugu,0.6071428571428571,0.36619718309859156,56,284,0.4,0.25,0.4419977549585171
rec_default_426537197_audio_1788980611266.mp3,malayalam,0.48214285714285715,0.390625,56,384,0.7142857142857143,1.0,0.4149370092124786
rec_audio_call_427306161_audio_1789058236274.mp3,telugu,0.3584905660377358,0.189718482252142,159,817,0.47058823529411764,0.0,0.38337438122288725
rec_default_427037139_audio_1789034210020.mp3,malayalam,0.5348837209302325,0.3244047619047619,43,336,0.2,,0.4293280182341311
rec_audio_call_427027250_audio_1789033566943.mp3,malayalam,0.34444444444444444,0.11964285714285715,90,560,0.3333333333333333,0.5,0.41672449629271363
rec_audio_call_425918552_audio_1788933686610.mp3,tamil,1.0048780487804878,0.37640449438202245,205,1424,0.7058823529411765,,0.470628600465637
