file_path,expected_status,actual_classification,note
/Users/hemapunyamoorty/Desktop/os_moderation/Dostt/hindi_pm/FP/rec_audio_call_421071310_audio_1788465787061.mp3,safe,"[{""ground_truth_category"": ""SuspiciousActivity"", ""ground_truth_timestamp"": ""03:58"", ""ground_truth_excerpt"": ""Kitne kitne dunga main? Kitne dunga main aapko? 300 rupaye dunga, 400 rupaye dunga, 500 rupaye dunga"", ""ground_truth_translation"": ""How much will I give? How much will I give you? I will give 300 rupees, 400 rupees, 500 rupees"", ""ground_truth_justification"": ""The user is explicitly offering money in exchange for a video call service in a suggestive context."", ""ground_truth_confidence"": 0.8}, {""ground_truth_category"": ""Explicit-Flirting"", ""ground_truth_timestamp"": ""04:26"", ""ground_truth_excerpt"": ""300 rupaye mein aap body dikha rahe ho sabko, theek hai?"", ""ground_truth_translation"": ""For 300 rupees you are showing your body to everyone, okay?"", ""ground_truth_justification"": ""The user is making a suggestive comment regarding the other person's body in exchange for money."", ""ground_truth_confidence"": 0.4}]","FP file has confirmed violation(s): ['Explicit-Flirting', 'SuspiciousActivity'] — the original flag may have been correct after all, or a different real violation exists."
/Users/hemapunyamoorty/Desktop/os_moderation/Dostt/hindi_pm/FP/rec_audio_call_421768524_audio_1788539479106.mp3,safe,"[{""ground_truth_category"": ""PlatformMove"", ""ground_truth_timestamp"": ""00:03"", ""ground_truth_excerpt"": ""WhatsApp"", ""ground_truth_translation"": ""WhatsApp"", ""ground_truth_justification"": ""The user mentioned an external communication platform, which is a violation of the platform move policy."", ""ground_truth_confidence"": 0.8}]","FP file has confirmed violation(s): ['PlatformMove'] — the original flag may have been correct after all, or a different real violation exists."
/Users/hemapunyamoorty/Desktop/os_moderation/Dostt/hindi_pm/FP/rec_audio_call_421835569_audio_1788543699379.mp3,safe,"[{""ground_truth_category"": ""PlatformMove"", ""ground_truth_timestamp"": ""00:55"", ""ground_truth_excerpt"": ""Insta chalate ho?"", ""ground_truth_translation"": ""Do you use Insta?"", ""ground_truth_justification"": ""The user is attempting to move the conversation to an external platform by asking about Instagram usage."", ""ground_truth_confidence"": 0.8}]","FP file has confirmed violation(s): ['PlatformMove'] — the original flag may have been correct after all, or a different real violation exists."
/Users/hemapunyamoorty/Desktop/os_moderation/Dostt/hindi_pm/FP/rec_audio_call_421997101_audio_1788553909604.mp3,safe,"[{""ground_truth_category"": ""PlatformMove"", ""ground_truth_timestamp"": ""03:52"", ""ground_truth_excerpt"": ""Snapchat use karte ho aap?"", ""ground_truth_translation"": ""Do you use Snapchat?"", ""ground_truth_justification"": ""The user is initiating a move to an external social media platform (Snapchat)."", ""ground_truth_confidence"": 0.9}, {""ground_truth_category"": ""PlatformMove"", ""ground_truth_timestamp"": ""04:03"", ""ground_truth_excerpt"": ""ID ka naam boliye aapka"", ""ground_truth_translation"": ""Tell me your ID name"", ""ground_truth_justification"": ""The user is requesting contact details to move the conversation to an external platform."", ""ground_truth_confidence"": 0.9}, {""ground_truth_category"": ""PlatformMove"", ""ground_truth_timestamp"": ""07:24"", ""ground_truth_excerpt"": ""Snapchat mein baat karte hai, aao"", ""ground_truth_translation"": ""Let's talk on Snapchat, come"", ""ground_truth_justification"": ""The user is explicitly suggesting to move the conversation to an external platform (Snapchat)."", ""ground_truth_confidence"": 0.9}]","FP file has confirmed violation(s): ['PlatformMove'] — the original flag may have been correct after all, or a different real violation exists."
/Users/hemapunyamoorty/Desktop/os_moderation/Dostt/hindi_pm/FP/rec_audio_call_423610988_audio_1788712982461.mp3,safe,"[{""ground_truth_category"": ""PlatformMove"", ""ground_truth_timestamp"": ""00:24"", ""ground_truth_excerpt"": ""Phone lag raha hai, Instagram."", ""ground_truth_translation"": ""The phone is ringing, Instagram."", ""ground_truth_justification"": ""The user mentions an external social media platform (Instagram) in a context suggesting a move or connection outside the platform."", ""ground_truth_confidence"": 0.8}]","FP file has confirmed violation(s): ['PlatformMove'] — the original flag may have been correct after all, or a different real violation exists."
/Users/hemapunyamoorty/Desktop/os_moderation/Dostt/hindi_pm/FP/rec_audio_call_425656431_audio_1788896027178.mp3,safe,"[{""ground_truth_category"": ""PlatformMove"", ""ground_truth_timestamp"": ""00:22"", ""ground_truth_excerpt"": ""\u092c\u093e\u0915\u0940 200-300 \u0930\u0941\u092a\u092f\u0947 \u092d\u0940 \u092c\u0928 \u091c\u093e\u0924\u0947 \u0939\u0948\u0902 \u0926\u093f\u0928 \u0915\u0947 \u0914\u0930 \u0915\u094b\u0908 \u090f\u0915 \u0906\u0927\u093e \u0921\u093e\u0932 \u0921\u0942\u0932 \u092d\u0940 \u0926\u0947\u0924\u0947 \u0939\u0948\u0902 \u0935\u094d\u0939\u093e\u091f\u094d\u0938\u090f\u092a \u092a\u0947 \u092d\u0940"", ""ground_truth_translation"": ""Also, 200-300 rupees are made in a day and some people even give tips on WhatsApp."", ""ground_truth_justification"": ""The user mentions using WhatsApp for communication and earnings outside the platform."", ""ground_truth_confidence"": 0.9}, {""ground_truth_category"": ""PlatformMove"", ""ground_truth_timestamp"": ""00:34"", ""ground_truth_excerpt"": ""\u0905\u091a\u094d\u091b\u093e \u0924\u094b \u0935\u094d\u0939\u093e\u091f\u094d\u0938\u090f\u092a \u092a\u0947 \u092d\u0940 \u0915\u0930 \u0932\u0947\u0924\u0940 \u0939\u094b \u092c\u093e\u0924"", ""ground_truth_translation"": ""Oh, so you talk on WhatsApp too?"", ""ground_truth_justification"": ""The user is inquiring about continuing the conversation on an external platform (WhatsApp)."", ""ground_truth_confidence"": 0.9}, {""ground_truth_category"": ""PlatformMove"", ""ground_truth_timestamp"": ""00:37"", ""ground_truth_excerpt"": ""\u0939\u093e\u0902 \u091c\u0940 \u0935\u094d\u0939\u093e\u091f\u094d\u0938\u090f\u092a \u092a\u0947 \u092d\u0940 \u0915\u0930 \u0932\u0947\u0924\u0940 \u0939\u0942\u0902 \u0928\u093e \u0924\u092d\u0940 \u0924\u094b \u0939\u094b \u091c\u093e\u0924\u0947 \u0939\u0948\u0902 \u0925\u094b\u0921\u093c\u0940 \u0905\u0930\u094d\u0928\u093f\u0902\u0917"", ""ground_truth_translation"": ""Yes, I do talk on WhatsApp, that's how I get some earnings."", ""ground_truth_justification"": ""The user confirms using WhatsApp for communication and earnings outside the platform."", ""ground_truth_confidence"": 0.9}]","FP file has confirmed violation(s): ['PlatformMove'] — the original flag may have been correct after all, or a different real violation exists."
/Users/hemapunyamoorty/Desktop/os_moderation/Dostt/hindi_pm/FP/rec_default_420147298_audio_1788380486702.mp3,safe,"[{""ground_truth_category"": ""PlatformMove"", ""ground_truth_timestamp"": ""04:52"", ""ground_truth_excerpt"": ""Oh lao apna Instagram toh wahin baat karta hoon"", ""ground_truth_translation"": ""Oh bring your Instagram, I will talk there"", ""ground_truth_justification"": ""The user is explicitly asking for an external social media handle (Instagram) to move the conversation off the platform."", ""ground_truth_confidence"": 1.0}]","FP file has confirmed violation(s): ['PlatformMove'] — the original flag may have been correct after all, or a different real violation exists."
/Users/hemapunyamoorty/Desktop/os_moderation/Dostt/hindi_pm/FP/rec_default_423958539_audio_1788751477018.mp3,safe,"[{""ground_truth_category"": ""PlatformMove"", ""ground_truth_timestamp"": ""02:41"", ""ground_truth_excerpt"": ""Ispe, WhatsApp pe?"", ""ground_truth_translation"": ""On this, on WhatsApp?"", ""ground_truth_justification"": ""The user explicitly suggests moving the conversation to an external platform (WhatsApp)."", ""ground_truth_confidence"": 0.9}]","FP file has confirmed violation(s): ['PlatformMove'] — the original flag may have been correct after all, or a different real violation exists."
/Users/hemapunyamoorty/Desktop/os_moderation/Dostt/hindi_ef/FP/rec_audio_call_419508797_audio_1788334367395.mp3,safe,"[{""ground_truth_category"": ""Explicit-Flirting"", ""ground_truth_timestamp"": ""00:23"", ""ground_truth_excerpt"": ""Assam ki ladkiyan toh bahut hot hoti hain."", ""ground_truth_translation"": ""Girls from Assam are very hot."", ""ground_truth_justification"": ""The user makes a suggestive comment regarding the physical appearance of women from a specific region."", ""ground_truth_confidence"": 0.4}]","FP file has confirmed violation(s): ['Explicit-Flirting'] — the original flag may have been correct after all, or a different real violation exists."
/Users/hemapunyamoorty/Desktop/os_moderation/Dostt/hindi_ef/FP/rec_audio_call_421677953_audio_1788530753328.mp3,safe,"[{""ground_truth_category"": ""Explicit-Flirting"", ""ground_truth_timestamp"": ""00:19"", ""ground_truth_excerpt"": ""Kya kaisi baatein karti ho aap? Normal karti ho ya hot and sexy baatein karti ho?"", ""ground_truth_translation"": ""What kind of talk do you do? Do you do normal talk or hot and sexy talk?"", ""ground_truth_justification"": ""The user is asking for suggestive or 'hot and sexy' talk, which falls under the category of mild flirting."", ""ground_truth_confidence"": 0.4}]","FP file has confirmed violation(s): ['Explicit-Flirting'] — the original flag may have been correct after all, or a different real violation exists."
/Users/hemapunyamoorty/Desktop/os_moderation/Dostt/hindi_ef/FP/rec_audio_call_423351802_audio_1788689747483.mp3,safe,"[{""ground_truth_category"": ""Explicit-Flirting"", ""ground_truth_timestamp"": ""00:53"", ""ground_truth_excerpt"": ""Awaaz toh bahut sexy hai tumhari."", ""ground_truth_translation"": ""Your voice is very sexy."", ""ground_truth_justification"": ""The user makes a suggestive comment regarding the other person's voice."", ""ground_truth_confidence"": 0.4}]","FP file has confirmed violation(s): ['Explicit-Flirting'] — the original flag may have been correct after all, or a different real violation exists."
/Users/hemapunyamoorty/Desktop/os_moderation/Dostt/hindi_ef/FP/rec_audio_call_423629370_audio_1788714233340.mp3,safe,"[{""ground_truth_category"": ""Explicit-Flirting"", ""ground_truth_timestamp"": ""00:42"", ""ground_truth_excerpt"": ""Do bachchon ki maa bhi bahut cute hoti hai waise, haan toh phir."", ""ground_truth_translation"": ""A mother of two children is also very cute, so then."", ""ground_truth_justification"": ""The user is making suggestive comments about the speaker being a mother of two."", ""ground_truth_confidence"": 0.4}, {""ground_truth_category"": ""Explicit-Flirting"", ""ground_truth_timestamp"": ""04:36"", ""ground_truth_excerpt"": ""Itni pyaari biwi mili hai use, mujhe mili hoti toh main toh sirf pyaar hi pyaar karta, din raat."", ""ground_truth_translation"": ""He got such a lovely wife, if I had gotten her, I would have only loved her, day and night."", ""ground_truth_justification"": ""The user is making suggestive comments about the speaker's marital life and expressing romantic desire."", ""ground_truth_confidence"": 0.4}, {""ground_truth_category"": ""Explicit-Flirting"", ""ground_truth_timestamp"": ""10:41"", ""ground_truth_excerpt"": ""Do bachche aapke hain hi, do main kar, do mere saath kar lena, chaar ho jayenge."", ""ground_truth_translation"": ""You already have two children, have two more with me, there will be four."", ""ground_truth_justification"": ""The user is making suggestive comments about having children with the speaker."", ""ground_truth_confidence"": 0.4}]","FP file has confirmed violation(s): ['Explicit-Flirting'] — the original flag may have been correct after all, or a different real violation exists."
/Users/hemapunyamoorty/Desktop/os_moderation/Dostt/hindi_ef/FP/rec_default_419887388_audio_1788364981482.mp3,safe,"[{""ground_truth_category"": ""Explicit-Flirting"", ""ground_truth_timestamp"": ""01:12"", ""ground_truth_excerpt"": ""\u092e\u0948\u0902 \u091c\u0928\u0930\u0932\u0940 \u0915\u094d\u092f\u093e \u092e\u0948\u0902 \u0924\u094b \u091c\u0949\u092c \u0915\u0930\u0924\u093e \u0939\u0942\u0902 \u0907\u0938\u092e\u0947\u0902 \u0932\u0921\u093c\u0915\u0940 \u0909\u0938\u092e\u0947\u0902 \u091c\u0928\u0930\u0932\u0940 \u0913\u092a\u0928 \u091f\u0949\u0915 \u0915\u0930\u0928\u0947 \u0915\u0947 \u0932\u093f\u090f \u0915\u0928\u0947\u0915\u094d\u091f \u0915\u0930\u0924\u093e \u0939\u0942\u0902"", ""ground_truth_translation"": ""I generally, what I do is I work, I generally connect with girls here for open talk."", ""ground_truth_justification"": ""The user mentions connecting for 'open talk', which is a suggestive term for sexualized conversation."", ""ground_truth_confidence"": 0.4}, {""ground_truth_category"": ""Explicit-Flirting"", ""ground_truth_timestamp"": ""02:11"", ""ground_truth_excerpt"": ""\u0938\u092e \u0913\u092a\u0928 \u091f\u0949\u0915 \u0935\u093e\u0932\u0940 \u0932\u0921\u093c\u0915\u0940 \u0938\u0947 \u0925\u094b\u0921\u093c\u093e \u092c\u093e\u0924 \u0915\u0930\u0942\u0902\u0917\u093e \u092e\u0948\u0902"", ""ground_truth_translation"": ""I will talk a bit to some 'open talk' girl."", ""ground_truth_justification"": ""The user explicitly mentions looking for a girl for 'open talk', which is a suggestive term."", ""ground_truth_confidence"": 0.4}]","FP file has confirmed violation(s): ['Explicit-Flirting'] — the original flag may have been correct after all, or a different real violation exists."
/Users/hemapunyamoorty/Desktop/os_moderation/Dostt/hindi_ef/FP/rec_default_421661435_audio_1788529081993.mp3,safe,"[{""ground_truth_category"": ""Explicit-Flirting"", ""ground_truth_timestamp"": ""01:07"", ""ground_truth_excerpt"": ""Aur bataiye, open call kar sakte hai kya?"", ""ground_truth_translation"": ""And tell me, can you do an open call?"", ""ground_truth_justification"": ""The user is making a suggestive request for an 'open call', which is commonly used to imply sexualized video content."", ""ground_truth_confidence"": 0.4}]","FP file has confirmed violation(s): ['Explicit-Flirting'] — the original flag may have been correct after all, or a different real violation exists."
/Users/hemapunyamoorty/Desktop/os_moderation/Dostt/hindi_ef/FP/rec_default_423887482_audio_1788735128862.mp3,safe,"[{""ground_truth_category"": ""Explicit-Flirting"", ""ground_truth_timestamp"": ""01:29"", ""ground_truth_excerpt"": ""Aapke boobs achhe hain."", ""ground_truth_translation"": ""Your breasts are nice."", ""ground_truth_justification"": ""The user makes a suggestive comment about the other person's body."", ""ground_truth_confidence"": 0.4}, {""ground_truth_category"": ""Explicit-Flirting"", ""ground_truth_timestamp"": ""01:51"", ""ground_truth_excerpt"": ""Aur dikhao na."", ""ground_truth_translation"": ""Show me more."", ""ground_truth_justification"": ""The user is making a suggestive request to see more."", ""ground_truth_confidence"": 0.4}, {""ground_truth_category"": ""PlatformMove"", ""ground_truth_timestamp"": ""02:01"", ""ground_truth_excerpt"": ""Hum WhatsApp wagera pe bhi woh karte hain."", ""ground_truth_translation"": ""We also do that on WhatsApp and such."", ""ground_truth_justification"": ""The user suggests moving the conversation to an external platform (WhatsApp)."", ""ground_truth_confidence"": 0.9}, {""ground_truth_category"": ""PlatformMove"", ""ground_truth_timestamp"": ""02:15"", ""ground_truth_excerpt"": ""Aapke WhatsApp do."", ""ground_truth_translation"": ""Give me your WhatsApp."", ""ground_truth_justification"": ""The user explicitly asks for the other person's WhatsApp contact details."", ""ground_truth_confidence"": 0.9}, {""ground_truth_category"": ""SuspiciousActivity"", ""ground_truth_timestamp"": ""02:17"", ""ground_truth_excerpt"": ""WhatsApp pe toh de doongi sir, WhatsApp pe payment daalna padega aapko."", ""ground_truth_translation"": ""I will give it on WhatsApp sir, you will have to make a payment on WhatsApp."", ""ground_truth_justification"": ""The user is explicitly linking payment to a service on an external platform."", ""ground_truth_confidence"": 0.9}, {""ground_truth_category"": ""SuspiciousActivity"", ""ground_truth_timestamp"": ""02:27"", ""ground_truth_excerpt"": ""500 rupaye."", ""ground_truth_translation"": ""500 rupees."", ""ground_truth_justification"": ""The user specifies a rate for the service."", ""ground_truth_confidence"": 0.9}]","FP file has confirmed violation(s): ['Explicit-Flirting', 'PlatformMove', 'SuspiciousActivity'] — the original flag may have been correct after all, or a different real violation exists."
/Users/hemapunyamoorty/Desktop/os_moderation/Dostt/hindi_ef/FP/rec_default_424793843_audio_1788817690775.mp3,safe,"[{""ground_truth_category"": ""Explicit-Flirting"", ""ground_truth_timestamp"": ""01:34"", ""ground_truth_excerpt"": ""Side bhi saaf kar rakhi hai ekdum."", ""ground_truth_translation"": ""You have cleaned the side completely."", ""ground_truth_justification"": ""The user is making a suggestive comment about the other person's body."", ""ground_truth_confidence"": 0.3}, {""ground_truth_category"": ""Explicit-Flirting"", ""ground_truth_timestamp"": ""01:49"", ""ground_truth_excerpt"": ""Dikha do thoda 32."", ""ground_truth_translation"": ""Show me a little 32."", ""ground_truth_justification"": ""The user is making a suggestive request regarding body measurements."", ""ground_truth_confidence"": 0.4}, {""ground_truth_category"": ""Explicit-Flirting"", ""ground_truth_timestamp"": ""01:55"", ""ground_truth_excerpt"": ""Aise nahi, sando baniyan ko niche karo na thoda."", ""ground_truth_translation"": ""Not like that, pull the undershirt down a little."", ""ground_truth_justification"": ""The user is making a suggestive request to lower clothing."", ""ground_truth_confidence"": 0.4}]","FP file has confirmed violation(s): ['Explicit-Flirting'] — the original flag may have been correct after all, or a different real violation exists."
/Users/hemapunyamoorty/Desktop/os_moderation/Dostt/tamil_pm/FP/rec_audio_call_421566156_audio_1788520297969.mp3,safe,"[{""ground_truth_category"": ""PlatformMove"", ""ground_truth_timestamp"": ""00:13"", ""ground_truth_excerpt"": ""\u0bb5\u0bbe\u0b9f\u0bcd\u0bb8\u0bcd\u0b85\u0baa\u0bcd \u0ba8\u0bae\u0bcd\u0baa\u0bb0\u0bcd \u0ba4\u0bc6\u0bb0\u0bbf\u0baf\u0bc1\u0bae\u0bbe?"", ""ground_truth_translation"": ""Do you know/have WhatsApp number?"", ""ground_truth_justification"": ""The user is asking for an external communication app (WhatsApp) contact detail."", ""ground_truth_confidence"": 1.0}]","FP file has confirmed violation(s): ['PlatformMove'] — the original flag may have been correct after all, or a different real violation exists."
/Users/hemapunyamoorty/Desktop/os_moderation/Dostt/tamil_pm/FP/rec_audio_call_423645324_audio_1788715186440.mp3,safe,"[{""ground_truth_category"": ""Explicit-Flirting"", ""ground_truth_timestamp"": ""02:08"", ""ground_truth_excerpt"": ""Sexy ah pesalama?"", ""ground_truth_translation"": ""Can we talk sexy?"", ""ground_truth_justification"": ""The user is asking to engage in suggestive or sexualized conversation."", ""ground_truth_confidence"": 0.4}, {""ground_truth_category"": ""Explicit-Flirting"", ""ground_truth_timestamp"": ""02:22"", ""ground_truth_excerpt"": ""Seri ipo vandha unna panlamo unkuda enjoy panlama?"", ""ground_truth_translation"": ""Okay, now that you're here, can I do you or enjoy with you?"", ""ground_truth_justification"": ""The user is making a suggestive comment about engaging in sexual or intimate activity."", ""ground_truth_confidence"": 0.4}]","FP file has confirmed violation(s): ['Explicit-Flirting'] — the original flag may have been correct after all, or a different real violation exists."
/Users/hemapunyamoorty/Desktop/os_moderation/Dostt/tamil_ef/FP/rec_default_421961206_audio_1788551169146.mp3,safe,"[{""ground_truth_category"": ""Explicit-Flirting"", ""ground_truth_timestamp"": ""01:00"", ""ground_truth_excerpt"": ""Do fingering, do video fingering."", ""ground_truth_translation"": ""Do fingering, do video fingering."", ""ground_truth_justification"": ""The user is making an explicit request for sexual acts."", ""ground_truth_confidence"": 0.9}, {""ground_truth_category"": ""Explicit-Flirting"", ""ground_truth_timestamp"": ""01:13"", ""ground_truth_excerpt"": ""Remove, remove dress fully. Remove the dress fully."", ""ground_truth_translation"": ""Remove, remove dress fully. Remove the dress fully."", ""ground_truth_justification"": ""The user is making an explicit request for nudity."", ""ground_truth_confidence"": 0.9}, {""ground_truth_category"": ""Explicit-Flirting"", ""ground_truth_timestamp"": ""01:21"", ""ground_truth_excerpt"": ""Open, open, open."", ""ground_truth_translation"": ""Open, open, open."", ""ground_truth_justification"": ""The user is making a suggestive request for nudity."", ""ground_truth_confidence"": 0.8}]","FP file has confirmed violation(s): ['Explicit-Flirting'] — the original flag may have been correct after all, or a different real violation exists."
/Users/hemapunyamoorty/Desktop/os_moderation/Dostt/telugu_pm/FP/rec_audio_call_426149164_audio_1788951056501.mp3,safe,"[{""ground_truth_category"": ""PlatformMove"", ""ground_truth_timestamp"": ""00:44"", ""ground_truth_excerpt"": ""mee insta id osthunda"", ""ground_truth_translation"": ""Can I have your Insta ID?"", ""ground_truth_justification"": ""The user is explicitly asking for an external social media handle (Instagram) to move the conversation off-platform."", ""ground_truth_confidence"": 1.0}, {""ground_truth_category"": ""PlatformMove"", ""ground_truth_timestamp"": ""01:10"", ""ground_truth_excerpt"": ""MNK 56 303"", ""ground_truth_translation"": ""MNK 56 303"", ""ground_truth_justification"": ""The user is sharing their Instagram ID to facilitate communication outside the platform."", ""ground_truth_confidence"": 1.0}]","FP file has confirmed violation(s): ['PlatformMove'] — the original flag may have been correct after all, or a different real violation exists."
/Users/hemapunyamoorty/Desktop/os_moderation/Dostt/telugu_pm/FP/rec_audio_call_426151853_audio_1788951260489.mp3,safe,"[{""ground_truth_category"": ""Explicit-Flirting"", ""ground_truth_timestamp"": ""13:04"", ""ground_truth_excerpt"": ""Emundi, na time matladukuntu, nuvvu fingering cheskovachu, ade aipotadi"", ""ground_truth_translation"": ""What is there, while talking to me, you can do fingering, that's it"", ""ground_truth_justification"": ""The user is making a sexually suggestive comment about self-pleasure during the call."", ""ground_truth_confidence"": 0.4}]","FP file has confirmed violation(s): ['Explicit-Flirting'] — the original flag may have been correct after all, or a different real violation exists."
/Users/hemapunyamoorty/Desktop/os_moderation/Dostt/telugu_pm/FP/rec_audio_call_426180101_audio_1788953436912.mp3,safe,"[{""ground_truth_category"": ""PlatformMove"", ""ground_truth_timestamp"": ""00:11"", ""ground_truth_excerpt"": ""\u0c0f\u0c26\u0c3f \u0c35\u0c3e\u0c1f\u0c4d\u0c38\u0c3e\u0c2a\u0c4d \u0c32\u0c4b \u0c28\u0c3e"", ""ground_truth_translation"": ""Is it on WhatsApp?"", ""ground_truth_justification"": ""The user is suggesting moving the conversation to an external platform (WhatsApp)."", ""ground_truth_confidence"": 1.0}, {""ground_truth_category"": ""SuspiciousActivity"", ""ground_truth_timestamp"": ""00:17"", ""ground_truth_excerpt"": ""\u0c1a\u0c46\u0c2a\u0c4d\u0c2a\u0c41 \u0c28\u0c46\u0c02\u0c2c\u0c30\u0c4d \u0c1a\u0c46\u0c2a\u0c4d\u0c2a\u0c41 \u0c28\u0c47\u0c28\u0c41 200 \u0c24\u0c40\u0c38\u0c41\u0c15\u0c41\u0c02\u0c1f\u0c3e"", ""ground_truth_translation"": ""Tell me the number, I will take 200"", ""ground_truth_justification"": ""The user is requesting payment for a service and asking for contact details."", ""ground_truth_confidence"": 1.0}, {""ground_truth_category"": ""PlatformMove"", ""ground_truth_timestamp"": ""00:28"", ""ground_truth_excerpt"": ""\u0c2c\u0c02\u0c17\u0c3e\u0c30\u0c41 \u0c1a\u0c46\u0c2a\u0c4d\u0c2a\u0c41 \u0c28\u0c46\u0c02\u0c2c\u0c30\u0c4d"", ""ground_truth_translation"": ""Darling, tell me the number"", ""ground_truth_justification"": ""The user is explicitly asking for contact information."", ""ground_truth_confidence"": 1.0}]","FP file has confirmed violation(s): ['PlatformMove', 'SuspiciousActivity'] — the original flag may have been correct after all, or a different real violation exists."
/Users/hemapunyamoorty/Desktop/os_moderation/Dostt/telugu_pm/FP/rec_audio_call_426279116_audio_1788962727515.mp3,safe,"[{""ground_truth_category"": ""Explicit-Flirting"", ""ground_truth_timestamp"": ""00:42"", ""ground_truth_excerpt"": ""Kaapothe sukham evaru theerustharu cheppu."", ""ground_truth_translation"": ""But who will satisfy the pleasure, tell me."", ""ground_truth_justification"": ""The user makes a suggestive comment regarding pleasure or comfort."", ""ground_truth_confidence"": 0.3}, {""ground_truth_category"": ""PlatformMove"", ""ground_truth_timestamp"": ""01:41"", ""ground_truth_excerpt"": ""Andaru WhatsApp, WhatsApp lo video call chesthanu"", ""ground_truth_translation"": ""Everyone, I do video calls on WhatsApp"", ""ground_truth_justification"": ""The user explicitly suggests moving the conversation to an external communication application (WhatsApp)."", ""ground_truth_confidence"": 1.0}, {""ground_truth_category"": ""SuspiciousActivity"", ""ground_truth_timestamp"": ""01:41"", ""ground_truth_excerpt"": ""300 ippu"", ""ground_truth_translation"": ""300 now"", ""ground_truth_justification"": ""The user is asking for a specific monetary rate for a video call outside the platform's coin system."", ""ground_truth_confidence"": 0.8}]","FP file has confirmed violation(s): ['Explicit-Flirting', 'PlatformMove', 'SuspiciousActivity'] — the original flag may have been correct after all, or a different real violation exists."
/Users/hemapunyamoorty/Desktop/os_moderation/Dostt/telugu_pm/FP/rec_audio_call_426299827_audio_1788964873398.mp3,safe,"[{""ground_truth_category"": ""PlatformMove"", ""ground_truth_timestamp"": ""00:37"", ""ground_truth_excerpt"": ""Number isthava?"", ""ground_truth_translation"": ""Will you give your number?"", ""ground_truth_justification"": ""The user is asking for a phone number to move the conversation off-platform."", ""ground_truth_confidence"": 0.9}, {""ground_truth_category"": ""PlatformMove"", ""ground_truth_timestamp"": ""00:55"", ""ground_truth_excerpt"": ""Aa number isthava?"", ""ground_truth_translation"": ""Will you give that number?"", ""ground_truth_justification"": ""The user is asking for a phone number to move the conversation off-platform."", ""ground_truth_confidence"": 0.9}, {""ground_truth_category"": ""PlatformMove"", ""ground_truth_timestamp"": ""01:53"", ""ground_truth_excerpt"": ""Telegram unda meeku?"", ""ground_truth_translation"": ""Do you have Telegram?"", ""ground_truth_justification"": ""The user is asking for an external communication app (Telegram) to move the conversation."", ""ground_truth_confidence"": 0.9}, {""ground_truth_category"": ""PlatformMove"", ""ground_truth_timestamp"": ""03:17"", ""ground_truth_excerpt"": ""Nee number chepthara?"", ""ground_truth_translation"": ""Will you tell your number?"", ""ground_truth_justification"": ""The user is asking for a phone number to move the conversation off-platform."", ""ground_truth_confidence"": 0.9}, {""ground_truth_category"": ""PlatformMove"", ""ground_truth_timestamp"": ""03:36"", ""ground_truth_excerpt"": ""81259"", ""ground_truth_translation"": ""81259"", ""ground_truth_justification"": ""The user is sharing their phone number to move the conversation off-platform."", ""ground_truth_confidence"": 0.9}]","FP file has confirmed violation(s): ['PlatformMove'] — the original flag may have been correct after all, or a different real violation exists."
/Users/hemapunyamoorty/Desktop/os_moderation/Dostt/telugu_pm/FP/rec_audio_call_426313681_audio_1788966303052.mp3,safe,"[{""ground_truth_category"": ""PlatformMove"", ""ground_truth_timestamp"": ""00:56"", ""ground_truth_excerpt"": ""\u0c32\u0c47\u0c26\u0c02\u0c21\u0c3f \u0c35\u0c3e\u0c1f\u0c4d\u0c38\u0c3e\u0c2a\u0c4d \u0c06\u0c30\u0c4d \u0c07\u0c28\u0c4d\u0c38\u0c4d\u0c1f\u0c3e\u0c17\u0c4d\u0c30\u0c3e\u0c2e\u0c4d"", ""ground_truth_translation"": ""No, WhatsApp or Instagram"", ""ground_truth_justification"": ""The user suggests moving the conversation to external platforms like WhatsApp or Instagram."", ""ground_truth_confidence"": 0.9}, {""ground_truth_category"": ""PlatformMove"", ""ground_truth_timestamp"": ""01:02"", ""ground_truth_excerpt"": ""\u0c1a\u0c46\u0c2a\u0c4d\u0c2a\u0c02\u0c21\u0c3f \u0c28\u0c46\u0c02\u0c2c\u0c30\u0c4d \u0c1a\u0c46\u0c2a\u0c4d\u0c2a\u0c02\u0c21\u0c3f \u0c35\u0c3e\u0c1f\u0c4d\u0c38\u0c3e\u0c2a\u0c4d"", ""ground_truth_translation"": ""Tell me the number, tell me WhatsApp"", ""ground_truth_justification"": ""The user is explicitly requesting contact information (WhatsApp number)."", ""ground_truth_confidence"": 0.9}, {""ground_truth_category"": ""PlatformMove"", ""ground_truth_timestamp"": ""01:07"", ""ground_truth_excerpt"": ""\u0c07\u0c28\u0c4d\u0c38\u0c4d\u0c1f\u0c3e\u0c17\u0c4d\u0c30\u0c3e\u0c2e\u0c4d?"", ""ground_truth_translation"": ""Instagram?"", ""ground_truth_justification"": ""The user suggests moving the conversation to an external platform (Instagram)."", ""ground_truth_confidence"": 0.9}, {""ground_truth_category"": ""SuspiciousActivity"", ""ground_truth_timestamp"": ""01:13"", ""ground_truth_excerpt"": ""\u0c2e\u0c30\u0c3f \u0c05\u0c2e\u0c4c\u0c02\u0c1f\u0c4d \u0c35\u0c47\u0c38\u0c4d\u0c24\u0c3e\u0c35\u0c3e?"", ""ground_truth_translation"": ""Will you pay the amount?"", ""ground_truth_justification"": ""The user is asking for payment in exchange for a video call."", ""ground_truth_confidence"": 0.9}, {""ground_truth_category"": ""SuspiciousActivity"", ""ground_truth_timestamp"": ""01:16"", ""ground_truth_excerpt"": ""300"", ""ground_truth_translation"": ""300"", ""ground_truth_justification"": ""The user specifies a monetary rate for the service."", ""ground_truth_confidence"": 0.9}, {""ground_truth_category"": ""SuspiciousActivity"", ""ground_truth_timestamp"": ""01:23"", ""ground_truth_excerpt"": ""\u0c35\u0c40\u0c21\u0c3f\u0c2f\u0c4b \u0c15\u0c3e\u0c32\u0c4d \u0c15\u0c28\u0c4d\u0c2b\u0c30\u0c4d\u0c2e\u0c47\u0c37\u0c28\u0c4d \u0c1a\u0c46\u0c2f\u0c4d \u0c2a\u0c47\u0c2e\u0c46\u0c02\u0c1f\u0c4d \u0c35\u0c47\u0c38\u0c4d\u0c24\u0c3e \u0c05\u0c02\u0c1f\u0c41\u0c28\u0c4d\u0c28\u0c3e"", ""ground_truth_translation"": ""I'm saying confirm the video call, I'll pay"", ""ground_truth_justification"": ""The user is explicitly offering payment in exchange for a video call."", ""ground_truth_confidence"": 0.9}, {""ground_truth_category"": ""SuspiciousActivity"", ""ground_truth_timestamp"": ""01:32"", ""ground_truth_excerpt"": ""\u0c05\u0c35\u0c41\u0c28\u0c41 \u0c2e\u0c40\u0c30\u0c41 \u0c05\u0c2e\u0c4c\u0c02\u0c1f\u0c4d \u0c35\u0c47\u0c38\u0c4d\u0c24\u0c47 \u0c28\u0c47\u0c28\u0c41 \u0c15\u0c3e\u0c32\u0c4d \u0c1a\u0c47\u0c38\u0c4d\u0c24\u0c3e \u0c05\u0c02\u0c1f\u0c41\u0c28\u0c4d\u0c28\u0c3e"", ""ground_truth_translation"": ""Yes, I'm saying if you pay the amount, I will call"", ""ground_truth_justification"": ""The user is explicitly demanding payment in exchange for a video call."", ""ground_truth_confidence"": 0.9}]","FP file has confirmed violation(s): ['PlatformMove', 'SuspiciousActivity'] — the original flag may have been correct after all, or a different real violation exists."
/Users/hemapunyamoorty/Desktop/os_moderation/Dostt/telugu_pm/FP/rec_audio_call_426339758_audio_1788968901990.mp3,safe,"[{""ground_truth_category"": ""PlatformMove"", ""ground_truth_timestamp"": ""01:15"", ""ground_truth_excerpt"": ""WhatsApp lo photo pampandi mari."", ""ground_truth_translation"": ""Send a photo on WhatsApp then."", ""ground_truth_justification"": ""The user explicitly suggests moving the conversation to WhatsApp, an external communication application."", ""ground_truth_confidence"": 0.9}, {""ground_truth_category"": ""SuspiciousActivity"", ""ground_truth_timestamp"": ""02:31"", ""ground_truth_excerpt"": ""Chupista, WhatsApp call chesi, phone pay cheyi, matladadam video call."", ""ground_truth_translation"": ""I will show, make a WhatsApp call, do PhonePe, let's talk on video call."", ""ground_truth_justification"": ""The user is explicitly linking payment (PhonePe) to a sexual service (video call/showing body)."", ""ground_truth_confidence"": 0.9}, {""ground_truth_category"": ""Explicit-Flirting"", ""ground_truth_timestamp"": ""03:54"", ""ground_truth_excerpt"": ""Lopala bra vesukunnara?"", ""ground_truth_translation"": ""Are you wearing a bra inside?"", ""ground_truth_justification"": ""The user is asking a suggestive question about undergarments."", ""ground_truth_confidence"": 0.4}, {""ground_truth_category"": ""Explicit-Flirting"", ""ground_truth_timestamp"": ""04:06"", ""ground_truth_excerpt"": ""Ah, jacket tiyyandi, bra untadi kada, appudu istaanu."", ""ground_truth_translation"": ""Ah, remove the jacket, there will be a bra, then I will give."", ""ground_truth_justification"": ""The user is making a suggestive request to remove clothing."", ""ground_truth_confidence"": 0.4}]","FP file has confirmed violation(s): ['Explicit-Flirting', 'PlatformMove', 'SuspiciousActivity'] — the original flag may have been correct after all, or a different real violation exists."
/Users/hemapunyamoorty/Desktop/os_moderation/Dostt/telugu_pm/FP/rec_default_426226216_audio_1788957468242.mp3,safe,"[{""ground_truth_category"": ""PlatformMove"", ""ground_truth_timestamp"": ""00:39"", ""ground_truth_excerpt"": ""Inkoncham ante whatsapp?"", ""ground_truth_translation"": ""Does a bit more mean WhatsApp?"", ""ground_truth_justification"": ""The user is suggesting moving the conversation to an external platform (WhatsApp)."", ""ground_truth_confidence"": 0.9}]","FP file has confirmed violation(s): ['PlatformMove'] — the original flag may have been correct after all, or a different real violation exists."
/Users/hemapunyamoorty/Desktop/os_moderation/Dostt/telugu_pm/FP/rec_default_426252346_audio_1788960080824.mp3,safe,"[{""ground_truth_category"": ""PlatformMove"", ""ground_truth_timestamp"": ""02:27"", ""ground_truth_excerpt"": ""\u0c35\u0c3e\u0c1f\u0c4d\u0c38\u0c3e\u0c2a\u0c4d \u0c32\u0c4b"", ""ground_truth_translation"": ""On WhatsApp"", ""ground_truth_justification"": ""The user explicitly suggests moving the conversation to WhatsApp, an external communication application."", ""ground_truth_confidence"": 1.0}, {""ground_truth_category"": ""PlatformMove"", ""ground_truth_timestamp"": ""04:11"", ""ground_truth_excerpt"": ""\u0c35\u0c3e\u0c1f\u0c4d\u0c38\u0c3e\u0c2a\u0c4d \u0c28\u0c46\u0c02\u0c2c\u0c30\u0c4d \u0c0f\u0c02\u0c1f\u0c3f"", ""ground_truth_translation"": ""What is your WhatsApp number?"", ""ground_truth_justification"": ""The user explicitly asks for the other person's WhatsApp number to move the conversation off-platform."", ""ground_truth_confidence"": 1.0}, {""ground_truth_category"": ""PlatformMove"", ""ground_truth_timestamp"": ""04:29"", ""ground_truth_excerpt"": ""\u0c28\u0c48\u0c28\u0c4d \u0c24\u0c4d\u0c30\u0c40 \u0c28\u0c48\u0c28\u0c4d"", ""ground_truth_translation"": ""939"", ""ground_truth_justification"": ""The user shares their phone number to enable communication outside the platform."", ""ground_truth_confidence"": 1.0}, {""ground_truth_category"": ""Explicit-Flirting"", ""ground_truth_timestamp"": ""03:50"", ""ground_truth_excerpt"": ""\u0c05\u0c02\u0c1f\u0c47 \u0c10 \u0c2e\u0c40\u0c28\u0c4d \u0c2e\u0c40\u0c30\u0c41 \u0c28\u0c41\u0c35\u0c4d\u0c35\u0c41 \u0c39\u0c4d\u0c2f\u0c3e\u0c02\u0c21\u0c4d \u0c1c\u0c3e\u0c2c\u0c4d \u0c1a\u0c47\u0c38\u0c41\u0c15\u0c41\u0c02\u0c1f\u0c47"", ""ground_truth_translation"": ""I mean, if you do a handjob"", ""ground_truth_justification"": ""The user makes an explicit request for sexual acts."", ""ground_truth_confidence"": 0.9}]","FP file has confirmed violation(s): ['Explicit-Flirting', 'PlatformMove'] — the original flag may have been correct after all, or a different real violation exists."
/Users/hemapunyamoorty/Desktop/os_moderation/Dostt/telugu_pm/FP/rec_default_426303789_audio_1788965281521.mp3,safe,"[{""ground_truth_category"": ""PlatformMove"", ""ground_truth_timestamp"": ""02:11"", ""ground_truth_excerpt"": ""\u0c35\u0c3e\u0c1f\u0c4d\u0c38\u0c3e\u0c2a\u0c4d \u0c2a\u0c30\u0c4d\u0c38\u0c28\u0c32\u0c4d \u0c05\u0c2f\u0c3f\u0c24\u0c47 \u0c15\u0c3e\u0c02\u0c1f\u0c3e\u0c15\u0c4d\u0c1f\u0c4d \u0c05\u0c35\u0c4d\u0c35\u0c02\u0c21\u0c3f"", ""ground_truth_translation"": ""If it is personal, contact me on WhatsApp"", ""ground_truth_justification"": ""The user is explicitly suggesting to move the conversation to WhatsApp, which is an external communication application."", ""ground_truth_confidence"": 0.9}]","FP file has confirmed violation(s): ['PlatformMove'] — the original flag may have been correct after all, or a different real violation exists."
/Users/hemapunyamoorty/Desktop/os_moderation/Dostt/telugu_ef/FP/rec_audio_call_424886004_audio_1788837418505.mp3,safe,"[{""ground_truth_category"": ""Explicit-Flirting"", ""ground_truth_timestamp"": ""04:02"", ""ground_truth_excerpt"": ""\u0c28\u0c47\u0c28\u0c41 \u0c05\u0c28\u0c4d\u0c28\u0c26\u0c3f \u0c1c\u0c38\u0c4d\u0c1f\u0c4d \u0c38\u0c46\u0c15\u0c4d\u0c38\u0c41\u0c35\u0c32\u0c4d \u0c0e\u0c02\u0c1c\u0c3e\u0c2f\u0c4d\u0c2e\u0c46\u0c02\u0c1f\u0c4d \u0c07\u0c38\u0c4d\u0c24\u0c42 \u0c09\u0c02\u0c1f\u0c3e\u0c28\u0c41 \u0c28\u0c40\u0c15\u0c41 \u0c05\u0c02\u0c24\u0c47"", ""ground_truth_translation"": ""I am just saying I will give you sexual enjoyment, that's it."", ""ground_truth_justification"": ""The user is making a direct suggestive comment about providing sexual enjoyment."", ""ground_truth_confidence"": 0.4}, {""ground_truth_category"": ""Explicit-Flirting"", ""ground_truth_timestamp"": ""04:41"", ""ground_truth_excerpt"": ""\u0c38\u0c46\u0c15\u0c4d\u0c38\u0c4d \u0c2e\u0c3e\u0c38\u0c4d \u0c0e\u0c02\u0c1c\u0c3e\u0c2f\u0c4d \u0c1a\u0c47\u0c2f\u0c4a\u0c1a\u0c4d\u0c1a\u0c41"", ""ground_truth_translation"": ""We can enjoy sex."", ""ground_truth_justification"": ""The user is making a suggestive comment about engaging in sexual activity."", ""ground_truth_confidence"": 0.4}]","FP file has confirmed violation(s): ['Explicit-Flirting'] — the original flag may have been correct after all, or a different real violation exists."
/Users/hemapunyamoorty/Desktop/os_moderation/Dostt/telugu_ef/FP/rec_audio_call_425936126_audio_1788935044155.mp3,safe,"[{""ground_truth_category"": ""PlatformMove"", ""ground_truth_timestamp"": ""07:49"", ""ground_truth_excerpt"": ""\u0c28\u0c3f\u0c28\u0c4d\u0c28\u0c41 \u0c1a\u0c42\u0c21\u0c3e\u0c32\u0c28\u0c3f \u0c09\u0c28\u0c4d\u0c28\u0c26\u0c3f \u0c28\u0c3e\u0c15\u0c41 \u0c0f\u0c02 \u0c1a\u0c47\u0c2f\u0c3e\u0c32\u0c3e \u0c28\u0c40 \u0c28\u0c46\u0c02\u0c2c\u0c30\u0c4d \u0c07\u0c38\u0c4d\u0c24\u0c47 \u0c35\u0c3e\u0c1f\u0c4d\u0c38\u0c3e\u0c2a\u0c4d \u0c32\u0c4b \u0c2b\u0c4b\u0c28\u0c4d \u0c1a\u0c47\u0c38\u0c4d\u0c24\u0c3e\u0c28\u0c41"", ""ground_truth_translation"": ""I want to see you, what should I do? If you give me your number, I will call you on WhatsApp."", ""ground_truth_justification"": ""The user is explicitly asking for the other person's phone number to move the conversation to WhatsApp, which is an external communication application."", ""ground_truth_confidence"": 0.9}]","FP file has confirmed violation(s): ['PlatformMove'] — the original flag may have been correct after all, or a different real violation exists."
/Users/hemapunyamoorty/Desktop/os_moderation/Dostt/telugu_ef/FP/rec_audio_call_426014372_audio_1788941177871.mp3,safe,"[{""ground_truth_category"": ""Explicit-Flirting"", ""ground_truth_timestamp"": ""02:41"", ""ground_truth_excerpt"": ""\u0c13\u0c2a\u0c46\u0c28\u0c4d \u0c17\u0c3e \u0c2e\u0c3e\u0c1f\u0c4d\u0c32\u0c3e\u0c21\u0c4a\u0c1a\u0c4d\u0c1a\u0c3e?"", ""ground_truth_translation"": ""Can we talk openly?"", ""ground_truth_justification"": ""The user is initiating a conversation with sexual undertones by asking to talk openly."", ""ground_truth_confidence"": 0.4}, {""ground_truth_category"": ""Explicit-Flirting"", ""ground_truth_timestamp"": ""03:22"", ""ground_truth_excerpt"": ""\u0c2c\u0c4d\u0c30\u0c3e \u0c28\u0c3e?"", ""ground_truth_translation"": ""Bra?"", ""ground_truth_justification"": ""The user is asking about the other person's undergarments."", ""ground_truth_confidence"": 0.4}, {""ground_truth_category"": ""Explicit-Flirting"", ""ground_truth_timestamp"": ""03:26"", ""ground_truth_excerpt"": ""\u0c0e\u0c02\u0c24 32 \u0c06?"", ""ground_truth_translation"": ""Is it 32?"", ""ground_truth_justification"": ""The user is asking about body measurements."", ""ground_truth_confidence"": 0.4}, {""ground_truth_category"": ""Explicit-Flirting"", ""ground_truth_timestamp"": ""04:14"", ""ground_truth_excerpt"": ""\u0c05\u0c02\u0c1f\u0c47 \u0c0e\u0c02\u0c24 \u0c38\u0c48\u0c1c\u0c41 \u0c35\u0c46\u0c33\u0c4d\u0c24\u0c41\u0c02\u0c26\u0c3f \u0c2e\u0c40 \u0c39\u0c38\u0c4d\u0c2c\u0c46\u0c02\u0c21\u0c4d \u0c26\u0c3f?"", ""ground_truth_translation"": ""So what size is your husband's?"", ""ground_truth_justification"": ""The user is asking sexually explicit questions about body parts."", ""ground_truth_confidence"": 0.4}, {""ground_truth_category"": ""Explicit-Flirting"", ""ground_truth_timestamp"": ""04:45"", ""ground_truth_excerpt"": ""\u0c38\u0c15\u0c4d \u0c1a\u0c47\u0c38\u0c4d\u0c24\u0c3e\u0c30\u0c3e \u0c2e\u0c40 \u0c06\u0c2f\u0c28\u0c26\u0c3f?"", ""ground_truth_translation"": ""Do you suck your husband's?"", ""ground_truth_justification"": ""The user is asking about sexual acts."", ""ground_truth_confidence"": 0.4}, {""ground_truth_category"": ""Explicit-Flirting"", ""ground_truth_timestamp"": ""05:34"", ""ground_truth_excerpt"": ""\u0c07\u0c28\u0c4d\u0c28\u0c30\u0c4d \u0c35\u0c47\u0c38\u0c41\u0c15\u0c41\u0c28\u0c4d\u0c28\u0c3e\u0c30\u0c3e \u0c15\u0c3f\u0c02\u0c26?"", ""ground_truth_translation"": ""Are you wearing innerwear underneath?"", ""ground_truth_justification"": ""The user is asking about the other person's undergarments."", ""ground_truth_confidence"": 0.4}, {""ground_truth_category"": ""Explicit-Flirting"", ""ground_truth_timestamp"": ""06:20"", ""ground_truth_excerpt"": ""\u0c1a\u0c3e\u0c32\u0c3e \u0c2a\u0c46\u0c26\u0c4d\u0c26\u0c17\u0c3e 9 10 \u0c07\u0c02\u0c1a\u0c46\u0c38\u0c4d \u0c05\u0c2f\u0c3f\u0c2a\u0c4b\u0c2f\u0c3f\u0c02\u0c26\u0c3f"", ""ground_truth_translation"": ""It has become very big, 9-10 inches."", ""ground_truth_justification"": ""The user is making sexually explicit comments about their body."", ""ground_truth_confidence"": 0.4}, {""ground_truth_category"": ""Explicit-Flirting"", ""ground_truth_timestamp"": ""06:53"", ""ground_truth_excerpt"": ""\u0c06 \u0c38\u0c15\u0c4d \u0c1a\u0c47\u0c36\u0c3e\u0c28\u0c41"", ""ground_truth_translation"": ""Yes, I sucked it."", ""ground_truth_justification"": ""The user is describing sexual acts."", ""ground_truth_confidence"": 0.4}, {""ground_truth_category"": ""Explicit-Flirting"", ""ground_truth_timestamp"": ""07:38"", ""ground_truth_excerpt"": ""\u0c26\u0c42\u0c2a\u0c4d\u0c38\u0c4d \u0c2a\u0c1f\u0c4d\u0c1f\u0c41\u0c15\u0c4b\u0c35\u0c3e\u0c32\u0c28\u0c3f \u0c09\u0c02\u0c26\u0c3f"", ""ground_truth_translation"": ""I want to hold your boobs."", ""ground_truth_justification"": ""The user is making a sexually explicit request."", ""ground_truth_confidence"": 0.4}]","FP file has confirmed violation(s): ['Explicit-Flirting'] — the original flag may have been correct after all, or a different real violation exists."
/Users/hemapunyamoorty/Desktop/os_moderation/Dostt/telugu_ef/FP/rec_default_425908372_audio_1788932864052.mp3,safe,"[{""ground_truth_category"": ""Explicit-Flirting"", ""ground_truth_timestamp"": ""15:03"", ""ground_truth_excerpt"": ""Avunu, sexy girl."", ""ground_truth_translation"": ""Yes, sexy girl."", ""ground_truth_justification"": ""The user makes a suggestive comment calling the other person a 'sexy girl'."", ""ground_truth_confidence"": 0.4}, {""ground_truth_category"": ""Explicit-Flirting"", ""ground_truth_timestamp"": ""15:08"", ""ground_truth_excerpt"": ""Cheppu, sexy ga unnav antunna."", ""ground_truth_translation"": ""Tell me, I am saying you are looking sexy."", ""ground_truth_justification"": ""The user makes a suggestive comment about the other person's appearance."", ""ground_truth_confidence"": 0.4}]","FP file has confirmed violation(s): ['Explicit-Flirting'] — the original flag may have been correct after all, or a different real violation exists."
/Users/hemapunyamoorty/Desktop/os_moderation/Dostt/telugu_ef/FP/rec_default_425912424_audio_1788933213081.mp3,safe,"[{""ground_truth_category"": ""Explicit-Flirting"", ""ground_truth_timestamp"": ""01:16"", ""ground_truth_excerpt"": ""That is toy, sexual toy."", ""ground_truth_translation"": ""That is toy, sexual toy."", ""ground_truth_justification"": ""The user is engaging in suggestive talk regarding sexual toys."", ""ground_truth_confidence"": 0.4}, {""ground_truth_category"": ""Explicit-Flirting"", ""ground_truth_timestamp"": ""01:44"", ""ground_truth_excerpt"": ""Show me, then."", ""ground_truth_translation"": ""Show me, then."", ""ground_truth_justification"": ""The user is making a suggestive request to see something sexual."", ""ground_truth_confidence"": 0.4}, {""ground_truth_category"": ""Explicit-Flirting"", ""ground_truth_timestamp"": ""02:22"", ""ground_truth_excerpt"": ""Show me the whole thing."", ""ground_truth_translation"": ""Show me the whole thing."", ""ground_truth_justification"": ""The user is making a suggestive request to see the other person's body."", ""ground_truth_confidence"": 0.4}, {""ground_truth_category"": ""Explicit-Flirting"", ""ground_truth_timestamp"": ""02:35"", ""ground_truth_excerpt"": ""Ask me, how do you want it, I will do it."", ""ground_truth_translation"": ""Ask me, how do you want it, I will do it."", ""ground_truth_justification"": ""The user is making a suggestive offer to perform sexual acts."", ""ground_truth_confidence"": 0.4}, {""ground_truth_category"": ""PlatformMove"", ""ground_truth_timestamp"": ""03:05"", ""ground_truth_excerpt"": ""Number?"", ""ground_truth_translation"": ""Number?"", ""ground_truth_justification"": ""The user is explicitly asking for contact information."", ""ground_truth_confidence"": 0.9}, {""ground_truth_category"": ""PlatformMove"", ""ground_truth_timestamp"": ""03:34"", ""ground_truth_excerpt"": ""Only WhatsApp, don't call the normal call, I can't receive the number."", ""ground_truth_translation"": ""Only WhatsApp, don't call the normal call, I can't receive the number."", ""ground_truth_justification"": ""The user is explicitly suggesting moving the conversation to an external platform (WhatsApp)."", ""ground_truth_confidence"": 0.9}, {""ground_truth_category"": ""PlatformMove"", ""ground_truth_timestamp"": ""03:34"", ""ground_truth_excerpt"": ""85. 95. 16. 04."", ""ground_truth_translation"": ""85. 95. 16. 04."", ""ground_truth_justification"": ""The user is sharing their phone number to enable communication outside the platform."", ""ground_truth_confidence"": 0.9}]","FP file has confirmed violation(s): ['Explicit-Flirting', 'PlatformMove'] — the original flag may have been correct after all, or a different real violation exists."
/Users/hemapunyamoorty/Desktop/os_moderation/Dostt/telugu_ef/FP/rec_default_426252346_audio_1788960080824.mp3,safe,"[{""ground_truth_category"": ""PlatformMove"", ""ground_truth_timestamp"": ""02:27"", ""ground_truth_excerpt"": ""\u0c35\u0c3e\u0c1f\u0c4d\u0c38\u0c3e\u0c2a\u0c4d \u0c32\u0c4b"", ""ground_truth_translation"": ""On WhatsApp"", ""ground_truth_justification"": ""The user explicitly suggests moving the conversation to WhatsApp, an external communication application."", ""ground_truth_confidence"": 1.0}, {""ground_truth_category"": ""PlatformMove"", ""ground_truth_timestamp"": ""04:11"", ""ground_truth_excerpt"": ""\u0c35\u0c3e\u0c1f\u0c4d\u0c38\u0c3e\u0c2a\u0c4d \u0c28\u0c46\u0c02\u0c2c\u0c30\u0c4d \u0c0f\u0c02\u0c1f\u0c3f"", ""ground_truth_translation"": ""What is your WhatsApp number?"", ""ground_truth_justification"": ""The user explicitly asks for the other person's WhatsApp number to move the conversation off-platform."", ""ground_truth_confidence"": 1.0}, {""ground_truth_category"": ""PlatformMove"", ""ground_truth_timestamp"": ""04:29"", ""ground_truth_excerpt"": ""\u0c28\u0c48\u0c28\u0c4d \u0c24\u0c4d\u0c30\u0c40 \u0c28\u0c48\u0c28\u0c4d"", ""ground_truth_translation"": ""939"", ""ground_truth_justification"": ""The user shares their phone number to enable communication outside the platform."", ""ground_truth_confidence"": 1.0}, {""ground_truth_category"": ""Explicit-Flirting"", ""ground_truth_timestamp"": ""03:50"", ""ground_truth_excerpt"": ""\u0c05\u0c02\u0c1f\u0c47 \u0c10 \u0c2e\u0c40\u0c28\u0c4d \u0c2e\u0c40\u0c30\u0c41 \u0c28\u0c41\u0c35\u0c4d\u0c35\u0c41 \u0c39\u0c4d\u0c2f\u0c3e\u0c02\u0c21\u0c4d \u0c1c\u0c3e\u0c2c\u0c4d \u0c1a\u0c47\u0c38\u0c41\u0c15\u0c41\u0c02\u0c1f\u0c47"", ""ground_truth_translation"": ""I mean, if you do a handjob"", ""ground_truth_justification"": ""The user makes an explicit request for sexual acts."", ""ground_truth_confidence"": 0.9}]","FP file has confirmed violation(s): ['Explicit-Flirting', 'PlatformMove'] — the original flag may have been correct after all, or a different real violation exists."
/Users/hemapunyamoorty/Desktop/os_moderation/Dostt/telugu_ef/FP/rec_default_426578327_audio_1788983295448.mp3,safe,"[{""ground_truth_category"": ""SuspiciousActivity"", ""ground_truth_timestamp"": ""00:47"", ""ground_truth_excerpt"": ""300 istava, online lo, nenu body chupistana damu."", ""ground_truth_translation"": ""Will you give 300, online, I will show my body."", ""ground_truth_justification"": ""The user is explicitly offering to show their body in exchange for money."", ""ground_truth_confidence"": 0.9}]","FP file has confirmed violation(s): ['SuspiciousActivity'] — the original flag may have been correct after all, or a different real violation exists."
/Users/hemapunyamoorty/Desktop/os_moderation/Dostt/kannada_pm/FP/rec_audio_call_425117061_audio_1788856492050.mp3,safe,"[{""ground_truth_category"": ""PlatformMove"", ""ground_truth_timestamp"": ""01:51"", ""ground_truth_excerpt"": ""Instagram ID nanu."", ""ground_truth_translation"": ""I [asked for] Instagram ID."", ""ground_truth_justification"": ""The user is requesting an Instagram ID, which is an attempt to move the conversation to an external platform."", ""ground_truth_confidence"": 0.9}]","FP file has confirmed violation(s): ['PlatformMove'] — the original flag may have been correct after all, or a different real violation exists."
/Users/hemapunyamoorty/Desktop/os_moderation/Dostt/kannada_pm/FP/rec_default_421888258_audio_1788546625741.mp3,safe,"[{""ground_truth_category"": ""PlatformMove"", ""ground_truth_timestamp"": ""00:06"", ""ground_truth_excerpt"": ""Instagram"", ""ground_truth_translation"": ""Instagram"", ""ground_truth_justification"": ""The user is explicitly naming an external social media platform to move the conversation off the current app."", ""ground_truth_confidence"": 0.9}]","FP file has confirmed violation(s): ['PlatformMove'] — the original flag may have been correct after all, or a different real violation exists."
/Users/hemapunyamoorty/Desktop/os_moderation/Dostt/kannada_pm/FP/rec_default_424610958_audio_1788803526314.mp3,safe,"[{""ground_truth_category"": ""PlatformMove"", ""ground_truth_timestamp"": ""00:56"", ""ground_truth_excerpt"": ""\u0ca8\u0cbe\u0cb0\u0ccd\u0cae\u0cb2\u0ccd \u0c95\u0cbe\u0cb2\u0ccd \u0cae\u0cbe\u0ca1\u0cbf"", ""ground_truth_translation"": ""Make a normal call"", ""ground_truth_justification"": ""The user is suggesting moving the conversation to a normal phone call, which is an external communication method."", ""ground_truth_confidence"": 0.9}, {""ground_truth_category"": ""PlatformMove"", ""ground_truth_timestamp"": ""04:44"", ""ground_truth_excerpt"": ""\u0cb8\u0ccd\u0ca8\u0ccd\u0caf\u0cbe\u0caa\u0ccd \u0c85\u0cb2\u0ccd\u0cb2\u0cbf \u0ca8\u0c82\u0cac\u0cb0\u0ccd \u0c95\u0cca\u0c9f\u0ccd\u0c9f\u0cbf\u0ca6\u0ccd\u0ca6\u0cc0\u0ca8\u0cbf, \u0c90\u0ca1\u0cbf \u0c95\u0cca\u0c9f\u0ccd\u0c9f\u0cbf\u0ca6\u0ccd\u0ca6\u0cc0\u0ca8\u0cbf"", ""ground_truth_translation"": ""I gave my number on Snap, gave my ID"", ""ground_truth_justification"": ""The user explicitly mentions sharing contact details (phone number and ID) on an external platform (Snapchat)."", ""ground_truth_confidence"": 0.9}, {""ground_truth_category"": ""PlatformMove"", ""ground_truth_timestamp"": ""05:01"", ""ground_truth_excerpt"": ""\u0ca8\u0ca8\u0c97\u0cc7\u0ca8\u0cbe\u0ca6\u0ccd\u0cb0\u0cc2 \u0cac\u0cc7\u0c95\u0cc1 \u0c85\u0c82\u0ca4 \u0c85\u0ca8\u0ccd\u0cb8\u0cbf\u0ca6\u0ccd\u0cb0\u0cc6 \u0cb8\u0ccd\u0c95\u0ccd\u0caf\u0cbe\u0ca8\u0cb0\u0ccd \u0c95\u0cb3\u0cbf\u0cb8\u0cbf\u0ca6\u0ccd\u0cb0\u0cc6 \u0c85\u0cb5\u0cb0\u0cc1 \u0cb9\u0cbe\u0c95\u0ccd\u0ca4\u0cbe\u0cb0\u0cc6"", ""ground_truth_translation"": ""If I need something, they send a scanner [QR code/UPI], they put [money] in"", ""ground_truth_justification"": ""The user mentions sharing a payment scanner (UPI) to receive money, which is a violation of the platform move policy regarding payment details."", ""ground_truth_confidence"": 0.9}]","FP file has confirmed violation(s): ['PlatformMove'] — the original flag may have been correct after all, or a different real violation exists."
/Users/hemapunyamoorty/Desktop/os_moderation/Dostt/kannada_ef/FP/rec_default_403927389_audio_1786861712369.mp3,safe,"[{""ground_truth_category"": ""Explicit-Flirting"", ""ground_truth_timestamp"": ""11:31"", ""ground_truth_excerpt"": ""Chuchuko pukalu"", ""ground_truth_translation"": ""Prick the vagina"", ""ground_truth_justification"": ""The user uses sexually explicit and vulgar language referring to female genitalia."", ""ground_truth_confidence"": 0.9}]","FP file has confirmed violation(s): ['Explicit-Flirting'] — the original flag may have been correct after all, or a different real violation exists."
/Users/hemapunyamoorty/Desktop/os_moderation/Dostt/kannada_ef/FP/rec_default_420511327_audio_1788424417781.mp3,safe,"[{""ground_truth_category"": ""PlatformMove"", ""ground_truth_timestamp"": ""05:40"", ""ground_truth_excerpt"": ""Ah, nimdu number kodi, matadana."", ""ground_truth_translation"": ""Ah, give me your number, let's talk."", ""ground_truth_justification"": ""The user is explicitly asking for the other person's phone number to move the conversation off-platform."", ""ground_truth_confidence"": 0.9}]","FP file has confirmed violation(s): ['PlatformMove'] — the original flag may have been correct after all, or a different real violation exists."
/Users/hemapunyamoorty/Desktop/os_moderation/Dostt/malayalam_pm/FP/rec_audio_call_422128803_audio_1788577048478.mp3,safe,"[{""ground_truth_category"": ""Explicit-Flirting"", ""ground_truth_timestamp"": ""02:36"", ""ground_truth_excerpt"": ""\u0d15\u0d42\u0d1f\u0d41\u0d24\u0d7d \u0d13\u0d31\u0d7d \u0d12\u0d15\u0d4d\u0d15\u0d46\u0d2f\u0d3e \u0d07\u0d37\u0d4d\u0d1f\u0d02 \u0d13\u0d31\u0d7d \u0d38\u0d46\u0d15\u0d4d\u0d38\u0d4d"", ""ground_truth_translation"": ""I like oral more, oral sex"", ""ground_truth_justification"": ""The user is making explicit sexual remarks about their preferences."", ""ground_truth_confidence"": 0.8}, {""ground_truth_category"": ""Explicit-Flirting"", ""ground_truth_timestamp"": ""04:44"", ""ground_truth_excerpt"": ""\u0d15\u0d33\u0d3f\u0d15\u0d4d\u0d15\u0d3e\u0d7b \u0d2e\u0d42\u0d21\u0d4d \u0d09\u0d23\u0d4d\u0d1f\u0d4b?"", ""ground_truth_translation"": ""Are you in the mood to play?"", ""ground_truth_justification"": ""The user is using suggestive language to initiate sexual talk."", ""ground_truth_confidence"": 0.4}, {""ground_truth_category"": ""PlatformMove"", ""ground_truth_timestamp"": ""08:27"", ""ground_truth_excerpt"": ""\u0d35\u0d3e\u0d1f\u0d4d\u0d38\u0d3e\u0d2a\u0d4d\u0d2a\u0d3f\u0d7d"", ""ground_truth_translation"": ""On WhatsApp"", ""ground_truth_justification"": ""The user is explicitly suggesting moving the conversation to an external platform (WhatsApp)."", ""ground_truth_confidence"": 0.9}]","FP file has confirmed violation(s): ['Explicit-Flirting', 'PlatformMove'] — the original flag may have been correct after all, or a different real violation exists."
/Users/hemapunyamoorty/Desktop/os_moderation/Dostt/malayalam_pm/FP/rec_audio_call_426303042_audio_1788965197636.mp3,safe,"[{""ground_truth_category"": ""Explicit-Flirting"", ""ground_truth_timestamp"": ""07:09"", ""ground_truth_excerpt"": ""Aa, venamenkil oru lip-lock-um koodi aavaam."", ""ground_truth_translation"": ""Yes, if you want, we can even have a lip-lock."", ""ground_truth_justification"": ""The user is making a sexually suggestive comment about physical intimacy."", ""ground_truth_confidence"": 0.4}]","FP file has confirmed violation(s): ['Explicit-Flirting'] — the original flag may have been correct after all, or a different real violation exists."
/Users/hemapunyamoorty/Desktop/os_moderation/Dostt/malayalam_pm/FP/rec_audio_call_426322019_audio_1788967195267.mp3,safe,"[{""ground_truth_category"": ""PlatformMove"", ""ground_truth_timestamp"": ""00:50"", ""ground_truth_excerpt"": ""WhatsApp-il?"", ""ground_truth_translation"": ""On WhatsApp?"", ""ground_truth_justification"": ""The user is asking to move the conversation to an external platform (WhatsApp)."", ""ground_truth_confidence"": 0.9}]","FP file has confirmed violation(s): ['PlatformMove'] — the original flag may have been correct after all, or a different real violation exists."
/Users/hemapunyamoorty/Desktop/os_moderation/Dostt/malayalam_pm/FP/rec_default_423505352_audio_1788703352920.mp3,safe,"[{""ground_truth_category"": ""Explicit-Flirting"", ""ground_truth_timestamp"": ""00:26"", ""ground_truth_excerpt"": ""\u0d13\u0d2a\u0d4d\u0d2a\u0d7a \u0d06\u0d15\u0d4d\u0d15\u0d3f \u0d0e\u0d1f\u0d41\u0d15\u0d4d\u0d15\u0d42"", ""ground_truth_translation"": ""Open it up"", ""ground_truth_justification"": ""The user is making a suggestive request for the other person to open up or show something, which falls under mild suggestive content."", ""ground_truth_confidence"": 0.4}, {""ground_truth_category"": ""Explicit-Flirting"", ""ground_truth_timestamp"": ""01:28"", ""ground_truth_excerpt"": ""\u0d2e\u0d24\u0d4d\u0d24\u0d47\u0d24\u0d4d \u0d15\u0d42\u0d1f\u0d46"", ""ground_truth_translation"": ""The other one too"", ""ground_truth_justification"": ""The user is making a suggestive request to show body parts, which falls under mild suggestive content."", ""ground_truth_confidence"": 0.4}, {""ground_truth_category"": ""PlatformMove"", ""ground_truth_timestamp"": ""01:45"", ""ground_truth_excerpt"": ""\u0d07\u0d32\u0d4d\u0d32\u0d1f\u0d3e \u0d1e\u0d3e\u0d7b \u0d38\u0d4d\u0d28\u0d3e\u0d2a\u0d4d\u0d1a\u0d3e\u0d31\u0d4d\u0d31\u0d4d \u0d15\u0d4a\u0d1f\u0d41\u0d15\u0d4d\u0d15\u0d3e\u0d02"", ""ground_truth_translation"": ""No, I will give Snapchat"", ""ground_truth_justification"": ""The user is explicitly offering to share an external social media handle (Snapchat) to move the conversation off-platform."", ""ground_truth_confidence"": 1.0}, {""ground_truth_category"": ""Explicit-Flirting"", ""ground_truth_timestamp"": ""02:21"", ""ground_truth_excerpt"": ""\u0d15\u0d33\u0d3f\u0d2f\u0d4a\u0d15\u0d4d\u0d15\u0d46 \u0d28\u0d1f\u0d15\u0d4d\u0d15\u0d3e\u0d31\u0d41\u0d23\u0d4d\u0d1f\u0d4b?"", ""ground_truth_translation"": ""Does 'play' happen?"", ""ground_truth_justification"": ""The user is making a suggestive remark about sexual activity, which falls under mild suggestive content."", ""ground_truth_confidence"": 0.4}]","FP file has confirmed violation(s): ['Explicit-Flirting', 'PlatformMove'] — the original flag may have been correct after all, or a different real violation exists."
/Users/hemapunyamoorty/Desktop/os_moderation/Dostt/malayalam_pm/FP/rec_default_425939252_audio_1788935280682.mp3,safe,"[{""ground_truth_category"": ""PlatformMove"", ""ground_truth_timestamp"": ""06:15"", ""ground_truth_excerpt"": ""\u0d35\u0d3e\u0d1f\u0d4d\u0d38\u0d3e\u0d2a\u0d4d\u0d2a\u0d4d \u0d09\u0d2a\u0d2f\u0d4b\u0d17\u0d3f\u0d15\u0d4d\u0d15\u0d41\u0d28\u0d4d\u0d28 \u0d06\u0d33\u0d3e\u0d23\u0d4b?"", ""ground_truth_translation"": ""Do you use WhatsApp?"", ""ground_truth_justification"": ""The user is asking about the use of an external communication platform (WhatsApp), which is a violation of the platform move policy."", ""ground_truth_confidence"": 0.9}]","FP file has confirmed violation(s): ['PlatformMove'] — the original flag may have been correct after all, or a different real violation exists."
/Users/hemapunyamoorty/Desktop/os_moderation/Dostt/malayalam_pm/FP/rec_default_425971422_audio_1788937802743.mp3,safe,"[{""ground_truth_category"": ""PlatformMove"", ""ground_truth_timestamp"": ""02:27"", ""ground_truth_excerpt"": ""\u0d1f\u0d46\u0d32\u0d3f\u0d17\u0d4d\u0d30\u0d3e\u0d2e\u0d3f\u0d7d \u0d1a\u0d3e\u0d31\u0d4d\u0d31\u0d4d \u0d1a\u0d46\u0d2f\u0d4d\u0d2f\u0d41\u0d02"", ""ground_truth_translation"": ""Will chat on Telegram"", ""ground_truth_justification"": ""The user explicitly mentions moving the conversation to an external platform (Telegram)."", ""ground_truth_confidence"": 0.9}]","FP file has confirmed violation(s): ['PlatformMove'] — the original flag may have been correct after all, or a different real violation exists."
/Users/hemapunyamoorty/Desktop/os_moderation/Dostt/malayalam_pm/FP/rec_default_426438311_audio_1788975608857.mp3,safe,"[{""ground_truth_category"": ""PlatformMove"", ""ground_truth_timestamp"": ""00:47"", ""ground_truth_excerpt"": ""\u0d07\u0d7b\u0d38\u0d4d\u0d31\u0d4d\u0d31\u0d3e\u0d17\u0d4d\u0d30\u0d3e\u0d02"", ""ground_truth_translation"": ""Instagram"", ""ground_truth_justification"": ""The user mentions an external social media platform (Instagram) which is a violation of the platform move policy."", ""ground_truth_confidence"": 0.9}]","FP file has confirmed violation(s): ['PlatformMove'] — the original flag may have been correct after all, or a different real violation exists."
/Users/hemapunyamoorty/Desktop/os_moderation/Dostt/malayalam_ef/FP/rec_audio_call_425360795_audio_1788875574199.mp3,safe,"[{""ground_truth_category"": ""Explicit-Flirting"", ""ground_truth_timestamp"": ""01:29"", ""ground_truth_excerpt"": ""\u0d07\u0d24\u0d3f\u0d28\u0d15\u0d24\u0d4d\u0d24\u0d4d \u0d13\u0d2a\u0d4d\u0d2a\u0d7a \u0d1f\u0d4b\u0d15\u0d4d\u0d15\u0d4d \u0d0e\u0d28\u0d4d\u0d28\u0d4d \u0d2a\u0d31\u0d2f\u0d41\u0d28\u0d4d\u0d28 \u0d38\u0d02\u0d2d\u0d35\u0d02 \u0d09\u0d23\u0d4d\u0d1f\u0d4d"", ""ground_truth_translation"": ""There is a thing called open talk in this."", ""ground_truth_justification"": ""The user is introducing the concept of 'open talk' which is often used as a euphemism for sexual or explicit conversation on such platforms."", ""ground_truth_confidence"": 0.4}]","FP file has confirmed violation(s): ['Explicit-Flirting'] — the original flag may have been correct after all, or a different real violation exists."
/Users/hemapunyamoorty/Desktop/os_moderation/Dostt/malayalam_ef/FP/rec_audio_call_425384170_audio_1788877922101.mp3,safe,"[{""ground_truth_category"": ""Explicit-Flirting"", ""ground_truth_timestamp"": ""06:32"", ""ground_truth_excerpt"": ""\u0d05\u0d24\u0d47\u0d2a\u0d4b\u0d32\u0d46 \u0d24\u0d28\u0d4d\u0d28\u0d46\u0d2f\u0d3e\u0d23\u0d4d \u0d38\u0d46\u0d15\u0d4d\u0d38\u0d4d \u0d1a\u0d46\u0d2f\u0d4d\u0d24\u0d4d \u0d35\u0d40\u0d23\u0d4d\u0d1f\u0d41\u0d02 \u0d35\u0d40\u0d23\u0d4d\u0d1f\u0d41\u0d02 \u0d1a\u0d46\u0d2f\u0d4d\u0d24\u0d35\u0d7c\u0d15\u0d4d\u0d15\u0d4a\u0d15\u0d4d\u0d15\u0d46 \u0d1a\u0d46\u0d2f\u0d4d\u0d2f\u0d3e\u0d7b \u0d2a\u0d31\u0d4d\u0d31\u0d41\u0d02 \u0d28\u0d2e\u0d4d\u0d2e\u0d7e \u0d05\u0d19\u0d4d\u0d19\u0d28\u0d24\u0d4d\u0d24\u0d46 \u0d1a\u0d46\u0d2f\u0d4d\u0d24\u0d2a\u0d4d\u0d2a\u0d4b\u0d7e \u0d28\u0d2e\u0d4d\u0d2e\u0d7e \u0d05\u0d24\u0d3f\u0d28\u0d46 \u0d2a\u0d31\u0d4d\u0d31\u0d3f\u0d2f\u0d3f\u0d1f\u0d4d\u0d1f\u0d41\u0d33\u0d4d\u0d33 \u0d07\u0d24\u0d4d \u0d07\u0d32\u0d4d\u0d32 \u0d05\u0d2e\u0d4d\u0d2e\u0d2f\u0d41\u0d1f\u0d46 \u0d2b\u0d40\u0d32\u0d3f\u0d02\u0d17\u0d4d\u0d38\u0d4d \u0d28\u0d2e\u0d4d\u0d2e\u0d7e \u0d2a\u0d4b\u0d35\u0d41\u0d15\u0d2f\u0d3f\u0d32\u0d4d\u0d32 \u0d28\u0d2e\u0d4d\u0d2e\u0d7e \u0d08 \u0d13\u0d2a\u0d4d\u0d2a\u0d7a \u0d1f\u0d4b\u0d15\u0d4d\u0d15\u0d4d \u0d12\u0d15\u0d4d\u0d15\u0d46 \u0d1a\u0d46\u0d2f\u0d4d\u0d2f\u0d41\u0d2e\u0d4d\u0d2a\u0d4b\u0d34\u0d3e\u0d23\u0d4d \u0d28\u0d2e\u0d41\u0d15\u0d4d\u0d15\u0d4d \u0d05\u0d19\u0d4d\u0d19\u0d28\u0d24\u0d4d\u0d24\u0d46 \u0d2b\u0d40\u0d32\u0d3f\u0d02\u0d17\u0d4d\u0d38\u0d4d \u0d35\u0d30\u0d3f\u0d15"", ""ground_truth_translation"": ""It is the same, those who have done sex again and again can do it. When we do such things, we don't have those feelings. It is when we do open talk like this that we get such feelings."", ""ground_truth_justification"": ""The user is engaging in explicit sexual discussion and encouraging 'open talk' to induce sexual feelings."", ""ground_truth_confidence"": 0.4}]","FP file has confirmed violation(s): ['Explicit-Flirting'] — the original flag may have been correct after all, or a different real violation exists."
/Users/hemapunyamoorty/Desktop/os_moderation/Dostt/malayalam_ef/FP/rec_default_423662590_audio_1788716156245.mp3,safe,"[{""ground_truth_category"": ""Explicit-Flirting"", ""ground_truth_timestamp"": ""02:30"", ""ground_truth_excerpt"": ""\u0d13\u0d2a\u0d4d\u0d2a\u0d7a \u0d1f\u0d4b\u0d15\u0d4d\u0d15\u0d4d \u0d12\u0d15\u0d4d\u0d15\u0d46 \u0d24\u0d3e\u0d32\u0d4d\u0d2a\u0d30\u0d4d\u0d2f\u0d2e\u0d3e\u0d23\u0d4b?"", ""ground_truth_translation"": ""Are you interested in open talk?"", ""ground_truth_justification"": ""The user is inquiring about 'open talk', which is a suggestive term for sexual conversation."", ""ground_truth_confidence"": 0.4}, {""ground_truth_category"": ""Explicit-Flirting"", ""ground_truth_timestamp"": ""05:42"", ""ground_truth_excerpt"": ""\u0d0e\u0d28\u0d3f\u0d15\u0d4d\u0d15\u0d4d \u0d13\u0d2a\u0d4d\u0d2a\u0d7a \u0d1f\u0d4b\u0d15\u0d4d\u0d15\u0d4d \u0d1a\u0d46\u0d2f\u0d4d\u0d2f\u0d3e\u0d7b \u0d24\u0d3e\u0d32\u0d4d\u0d2a\u0d30\u0d4d\u0d2f\u0d02"", ""ground_truth_translation"": ""I am interested in open talk"", ""ground_truth_justification"": ""The user expresses interest in 'open talk', which is a suggestive term for sexual conversation."", ""ground_truth_confidence"": 0.4}, {""ground_truth_category"": ""Explicit-Flirting"", ""ground_truth_timestamp"": ""07:30"", ""ground_truth_excerpt"": ""\u0d28\u0d3f\u0d28\u0d4d\u0d31\u0d46 \u0d2e\u0d41\u0d32\u0d2f\u0d41\u0d1f\u0d46 \u0d38\u0d48\u0d38\u0d4d \u0d0e\u0d24\u0d4d\u0d30\u0d2f\u0d3e?"", ""ground_truth_translation"": ""What is your breast size?"", ""ground_truth_justification"": ""The user is making an explicit request for body measurements, which is a policy violation."", ""ground_truth_confidence"": 0.8}, {""ground_truth_category"": ""Explicit-Flirting"", ""ground_truth_timestamp"": ""09:27"", ""ground_truth_excerpt"": ""\u0d13\u0d31\u0d7d \u0d38\u0d46\u0d15\u0d4d\u0d38\u0d4d \u0d07\u0d32\u0d4d\u0d32\u0d47?"", ""ground_truth_translation"": ""Isn't there oral sex?"", ""ground_truth_justification"": ""The user is explicitly discussing sexual acts."", ""ground_truth_confidence"": 0.8}, {""ground_truth_category"": ""Explicit-Flirting"", ""ground_truth_timestamp"": ""10:01"", ""ground_truth_excerpt"": ""\u0d38\u0d46\u0d15\u0d4d\u0d38\u0d4d \u0d09\u0d23\u0d4d\u0d1f\u0d4b?"", ""ground_truth_translation"": ""Is there sex?"", ""ground_truth_justification"": ""The user is explicitly asking about sexual acts."", ""ground_truth_confidence"": 0.8}]","FP file has confirmed violation(s): ['Explicit-Flirting'] — the original flag may have been correct after all, or a different real violation exists."
/Users/hemapunyamoorty/Desktop/os_moderation/Dostt/malayalam_ef/FP/rec_default_425392837_audio_1788878842788.mp3,safe,"[{""ground_truth_category"": ""Explicit-Flirting"", ""ground_truth_timestamp"": ""00:41"", ""ground_truth_excerpt"": ""Do you have sex with your husband daily?"", ""ground_truth_translation"": ""Do you have sex with your husband daily?"", ""ground_truth_justification"": ""The user is asking an intrusive and sexually explicit question about the other person's private life."", ""ground_truth_confidence"": 0.7}]","FP file has confirmed violation(s): ['Explicit-Flirting'] — the original flag may have been correct after all, or a different real violation exists."
